L-Cysteic_acid,Ethanolamine_phosphate,Glutamyl-gamma-Glutamic_acid,1-Methylhistidine,Cysteine,Arginine,Glutaminyl-Glutamic_acid,gamma-Glutamyl-Glycine,Asparagine,Creatine,Symmetric_dimethylarginine,Isomer_1_of_4-Chloro-L-lysine,Glutamine,Glutamyl-Glycine,Threoninyl-Glutamic_acid,Citrulline,Adenosine,Methionine_Sulfoxide,Serine,Glutamyl-Alanine,Glutamic_acid/L-4-Hydroxyglutamate_semialdehyde,Aspartic_acid,Isomer_1_of_gamma-Amino-gamma-cyanobutanoic_acid,4-Chloro-L-lysine,Hydroxyproline,Isomer_1_of_Histidine,N6-Acetyl-Lysine,Aminoadipic_acid,Threonine,2-Aminomuconate_semialdehyde,O-Methyl-L-threonine,Allysine,4-Guanidinobutanal,3-Cyano-L-alanine,Ethanolamine,cis-4-Hydroxy-D-proline,Aspartyl-Proline,Alanyl-Alanine,7-Carboxy-7-carbaguanine,Isomer_1_of_Aspartic_acid,L-alpha-Aspartyl-L-hydroxyproline,N2-Acetyl-L-Lysine,Isomer_1_of_3-Aminopropanal,L-2-Amino-3-oxobutanoic_acid,[5-(Aminomethyl)furan-3-yl]methyl_phosphate,2_8-Dihydroxyadenine,Isomer_1_of_5-Aminopentanoic_acid,Glycyl-Proline,N-Acetyl-L-Asparagine,Glutamyl-Valine,Glutamyl-Methionine/Methionyl-Glutamic_acid,Methionyl-Glutamic_acid,N-Acetylputrescine,2-Hydroxyethylenedicarboxylic_acid,Alanine,gamma-Aminobutyric_acid,Prolyl-Glycine,Ectoine,Isomer_2_of_5-Aminopentanoic_acid,Aminoacetaldehyde,O-Acetyl-L-serine,Pantothenic_acid,Isoleucyl-Hydroxyproline,(R)-1-Aminopropan-2-ol,5-Aminopentanoic_acid,Histidinyl-Histidine,Methionyl-Alanine,Aminoacrylic_acid,3-Aminoisobutyric_acid,Glutamyl-Phenylalanine,N-Methyl-Glycine,Prolyl-Proline,Pyrocatechol_sulfate,N-formylkynurenine,Cysteineglutathione_disulfide,6-Aminohexanoic_acid,4-Aminobutyraldehyde,Proline,N(6)-Methyllysine,Adenine,Valine,3-Hydroxy-L-proline,Uracil,Kynurenine,4-Formylsalicylic_acid,Norvaline,gamma-Glutamyllysine,Aspartyl-Lysine,Pyridoxal,Pipecolic_acid,L-Cysteinylglycine_disulfide,Lysyl-Glutamic_acid,Phenylalanine,Homogentisic_acid,Thymine,Urocanic_acid,Alloisoleucine,5-Aminopentanal,5-Hydroxylysine,Glycyl-Lysine,Isomer_1_of_4-Aminobutyraldehyde,3-(4-Hydroxyphenyl)lactic_acid,Cystine,Isovanillic_acid,Isomer_1_of_Proline,Histidinyl-Glutamic_acid,Maltol,Salicylic_acid,Anthranilic_acid,5-Hydroxyindoleacetic_acid,4-Hydroxyphenylacetic_acid,Isomer_4_of_4-Chloro-L-lysine,Aniline,Isomer_5_of_4-Chloro-L-lysine,Vanillic_acid,Uridine,trans-3-Hydroxycinnamic_acid,4-Hydroxybenzoic_acid,Lysine,Isomer_6_of_4-Chloro-L-lysine,Deoxyguanosine,N8-Acetyl-spermidine,Histidine,3-Nitrotyrosine,Isomer_7_of_4-Chloro-L-lysine,2-Hydroxy-cis-hex-2_4-dienoic_acid,Isomer_1_of_N(6)-Methyllysine,N-Acetylindoxyl,2-Aminooctanoic_acid,4_8-Dihydroxyquinoline,4-Hydroxy-3-methylbenzaldehyde,Diethylamine,Isomer_1_of_(3S_5S)-3_5-Diaminohexanoic_acid,2_6-Dihydroxypyridine,1_2-Dihydroxynaphthalene-6-sulfonic_acid,Cyclohexylamine,Vanillin,4-Hydroxybenzaldehyde/3-Hydroxybenzaldehyde,Isomer_1_of_3-Methoxy-4-hydroxyphenylacetaldehyde,Isomer_1_of_4-Nitrophenol,3-Hydroxybenzaldehyde,4-Amino-2-hydroxylamino-6-nitrotoluene,Cadaverine,4-Methyl-5-nitrocatechol,Histamine,4-Nitrophenol,3-Methylsalicylaldehyde,4-Cresol/3-Cresol,Salsolinol_1-carboxylic_acid,Salsoline-1-carboxylic_acid,5_6-Dihydroxyindole,2-Naphthol,Kynuramine,4-Ethylphenol,4-(1_1_3_3-Tetramethylbutyl)-phenol,2_4-Dichlorophenol,Isomer_1_of_Resorcinol
-2.590103957125199585e+00,-2.788738763438708412e-01,2.354867730843342721e-01,-1.646422534592957954e+00,-3.050374429307900481e-01,5.327428691644516823e-01,1.901083377277229813e-01,6.753393128941607149e-01,1.277176420121465927e+00,8.740241547175262582e-01,-1.189695422181843876e+00,2.568899077121553631e+00,-5.945096937168203866e-01,2.781471880967983368e-01,8.525135941428660935e-01,-3.645139065147713908e-01,4.648850478185031498e-01,-7.439249435689020418e-01,9.294442709221262255e-01,1.519140106064965190e+00,-5.822864359005784918e-01,-5.021133962912167625e-01,2.496851691539539786e+00,1.342925971628667003e+00,1.348456639630156939e+00,6.379775513560269617e-01,-7.674936316452853902e-01,-4.974214346735670311e-01,6.247358842849356497e-01,7.217907275655071064e-01,-8.034763233107597991e-01,1.003930583344758931e+00,1.863819525301039670e+00,1.570262916040156664e+00,-8.130679645235534547e-01,6.009836054556801088e-02,4.950983935127704072e-01,-1.102177396128891873e+00,-3.409148990573344917e-02,1.283217672326218084e+00,-2.526196811362482197e-01,2.561779054239972028e-02,-1.116844270108210635e+00,-3.135546237485905552e-01,-8.779361206786060468e-01,1.281136249204442912e+00,9.537496342512221670e-01,2.767351483086833430e-01,1.054499771262508823e+00,-3.990307283820449524e-01,1.930246089581892033e+00,1.770093492640933297e+00,2.194439807110651619e-01,-1.545552006118931621e+00,8.832988206200356185e-01,-1.831672840257286383e+00,1.563711131435104429e+00,-1.883687483230213067e+00,1.608038063773866266e+00,-1.740786153660397240e+00,1.260562008882803120e+00,-1.153171430727791269e-01,-5.223909193491530628e-02,-4.972315190692865317e-01,1.650915323953014546e+00,9.898603292794224684e-01,-4.436431547999418745e-01,1.093818848936650490e+00,-4.147836839123748010e-01,2.237018242147348346e-01,1.109085898535257408e+00,-9.134969465443676384e-02,-8.846000597529352083e-01,9.064036754860167466e-01,-1.370556438530694809e-01,-1.218259575247032656e+00,2.138954420507258369e+00,2.271190943084503200e+00,2.298390163116697416e+00,-2.619566603941814731e-01,4.936225073385316353e-01,1.794420147777524788e+00,-1.462668197825218175e-01,-5.371888770968999971e-01,1.018113635766008107e+00,7.264153936304004189e-01,-1.000854581890378237e+00,1.300395198824257637e-01,2.389836812987268799e-01,-1.630902558017659487e+00,-3.602393704833325994e-01,5.940072080641080055e-01,-6.659832871860692505e-01,1.817976742368987209e+00,2.512229593334964206e-01,-5.681273695263215906e-01,8.538320530248285634e-01,1.910770292682545390e+00,-1.646122402278590968e+00,3.150508917762890881e-01,-1.142105092466561889e+00,-1.962526043383935770e+00,-2.664533019055965735e-01,2.231819331278861451e+00,1.448483648903277077e+00,-6.259319060103467613e-01,9.544945759236925786e-01,5.200869634330008706e-01,-6.530356829498679128e-01,2.181255991209778422e+00,1.560267470322203698e+00,2.664002218661209564e+00,-2.418409708148622439e+00,1.966765633501449395e+00,-1.124781904083664852e+00,1.289526734682526543e+00,-1.303069314967659764e+00,2.500021011799224535e+00,-1.398666772569247263e-01,1.432956937918671292e+00,4.684854387660542518e-01,-2.737987828092478537e-01,-1.580296801698667375e+00,-8.688955211420282265e-02,1.727458966014868036e+00,-1.259197234472477556e+00,-1.508421662192384605e-01,1.507939426561674567e+00,-2.720937499854807928e+00,2.114990259702006270e+00,2.120326613983196662e+00,-1.590352698174116730e+00,-8.179731031564213550e-01,2.412557483995073415e+00,1.006024050121310243e-01,-1.084043642978130384e+00,-1.955508773222339514e+00,2.179205810493317408e+00,-2.152773473924796566e+00,-1.593576426926934131e+00,1.239768910126272994e+00,9.557709928264143118e-01,-1.775289485567617398e-01,-2.770262541529730616e+00,3.617160718385021290e-01,-1.658555087395374716e+00,-1.721550317165317701e+00,-1.249847794659416422e+00,2.598684908334554677e+00,2.373962756057967916e+00,-2.403574679159086458e-01,-1.113477381367244057e+00,1.301719296903228296e+00,-1.484937738922377903e+00,-2.309074232845719776e-01,-1.275290841053049906e+00,3.288620364850090572e-01
-1.507447907556112909e+00,8.953898322278587285e-01,9.372471833378924755e-01,4.088793236653601726e-01,1.564516834312175586e+00,1.699188215241435262e+00,1.290866506125698976e+00,1.422877433879545128e+00,2.344088676771709956e+00,2.153854487272952145e+00,8.385946994170466740e-01,-7.035589231749567185e-01,9.927831577716433875e-01,1.333017864541658160e+00,2.733934230516558817e+00,1.839012497279783442e+00,7.675086162688776747e-01,-4.676240366372306362e-02,2.157187481646777982e+00,2.370010233447123138e+00,1.366233413604528213e+00,1.136769051066815139e+00,-2.012314432032729361e-01,8.958867680196956618e-02,2.366657958754461610e+00,-1.218801266574696118e+00,1.549293049630245056e+00,1.320452732887906544e+00,2.341690398023896336e+00,2.205862655843431330e+00,1.040839945804351574e+00,1.929361902293059705e+00,6.476359966747491370e-01,1.871357894341029171e+00,6.695081483513701803e-01,2.176221620978874061e+00,1.585291228142431841e+00,-8.153226962930570920e-02,2.099121042531338355e-01,3.740024461131314926e-01,1.274337410120740088e+00,1.415713464441699765e+00,-2.363419242057122338e-01,1.603545657160165394e+00,1.545304961607556926e+00,2.067085752701723234e+00,1.819882834127638072e+00,5.963800147159659115e-01,1.227228174663892446e-01,2.034521403396239325e+00,2.169044099268602199e+00,1.939676828393769092e+00,7.431967143608348980e-01,4.896410150399267969e-01,1.967007436659806707e+00,-2.002230473681440304e-01,2.062026107770397854e+00,1.080311917139233469e+00,2.006247254642678168e+00,-1.026290196087549678e+00,4.452255891051090653e-01,1.965362997045203786e+00,4.474616822678242345e-01,-1.345871131898453310e+00,7.308974568946420280e-01,-5.446635692739482983e-03,-2.497265581875547924e-01,1.844392268025727644e+00,1.622397211921804860e+00,2.153473886112131641e+00,2.374740503818625559e+00,1.583599181158586111e+00,7.194890091384885666e-01,7.095353895273474043e-01,8.101364932802151975e-01,-1.218259575247032656e+00,2.074609963433510007e+00,2.283072252411632252e+00,2.167431133336283899e+00,7.398403744978413465e-01,1.701718568233885565e+00,1.794420147777524788e+00,8.940590671920903842e-01,4.844894389947339008e-01,2.375515416752465914e+00,1.800644617005083825e+00,9.184591538757045370e-01,1.763450276576539189e+00,1.359215603817437223e+00,8.493432636002147262e-01,1.317848588613386385e+00,2.304879982099941937e+00,1.149282717997384351e+00,2.173304376453600195e+00,1.304899487994279239e+00,-8.317565175649271891e-01,9.641708745817620940e-01,2.307311810297869581e+00,-7.027507869770814874e-01,2.932711238434005940e-01,-6.569604733032347044e-01,8.209952632350820956e-01,6.812200980511216031e-01,1.419989301127763115e+00,2.521318061330539706e+00,-4.714888472329633040e-01,3.173524835714411907e-01,-8.275490380342883645e-01,-3.578291246869412801e-01,1.512532540822446592e-01,2.007612036578053427e+00,-5.955426814601658680e-01,-1.467176919792324341e+00,-3.403101722801688545e-01,-2.634230055074885946e-01,-5.045236659814014146e-01,-1.303069314967659764e+00,1.506190538673304546e+00,1.765900650002689920e+00,-2.225526277991758117e-01,8.317191094653720862e-01,2.580944666184625258e-01,9.544003012944083375e-01,5.933904079745774274e-01,1.892270314375087970e-01,-1.245504362234241658e+00,6.538257849817328271e-01,-1.443480839761046020e-01,-2.218509093497558482e-01,4.556562223725976191e-01,2.029955635255058066e+00,-1.472820307893476288e+00,1.519756366962707883e+00,-8.245924240779577419e-01,-3.784891864671225403e-01,-1.140491888892226857e+00,-1.332341290935131095e+00,2.045951183576318222e+00,-5.492193736758378408e-01,-1.593576426926934131e+00,2.569933874150713837e+00,3.706358790356467092e-01,3.827190415507421006e-01,-1.546070592468653526e+00,1.197877137473998266e+00,-8.994592514037760278e-01,-1.721550317165317701e+00,-1.249847794659416422e+00,2.006421925169458831e+00,2.282738745312365758e+00,8.168077712793267997e-01,-1.113477381367244057e+00,5.235589464032147644e-01,-1.484937738922377903e+00,-1.079495316121897641e+00,-1.275290841053049906e+00,1.680325677844627663e-01
7.337722676716064152e-01,-5.054982964733529816e-01,-4.399949559969578705e-01,2.997531613745138546e-01,1.276232941396323317e-01,-7.012897603486496489e-01,-5.734575145385685246e-01,2.904786304728542157e-01,8.305011474690381090e-02,5.777514851406760910e-01,-5.551124073484285937e-01,7.438731157479030465e-01,-7.023228780534679361e-01,3.105989408226783044e-01,1.115689313530599192e+00,-1.601049151366417678e-01,-8.506930704040199798e-01,1.351319322430516223e+00,-6.859749019714649065e-02,-2.189495175537723992e-01,-5.519386586566930181e-02,-6.010495228425187797e-01,-9.436450415311383733e-01,3.506996802005831748e-01,9.159376270517248786e-01,-3.125213858814359646e-01,8.760053117611541484e-01,4.592634883257166734e-01,3.866749660155103796e-01,1.698863922318602504e-01,-2.800830994149179909e-01,1.289718162587537797e+00,-7.120524510086198022e-01,-2.715885784768029554e-01,-5.752366963953629148e-02,1.871522090346912637e-01,4.640493695537057373e-01,9.839939583446615234e-01,4.064000708304528198e-01,5.886143805123515982e-01,1.247111901202359707e+00,1.438640672270532717e+00,-3.670854018807978569e-01,1.208571450589204899e+00,-3.641658175903454975e-01,-4.341403973196512056e-01,4.901189772138118128e-01,5.014884045288460490e-02,4.995602962718535545e-01,1.739142560934268944e-02,-8.845713158839221268e-01,-1.001591673980336106e+00,-1.072111485971040112e-01,9.085386236554841011e-01,-2.298319142903658130e-01,-2.423757455280613204e-01,-3.903079784417273768e-01,1.483119776460079149e-02,-9.434516642708830059e-01,4.891498309000844036e-01,6.826217146822146642e-01,5.612897134534297061e-01,5.995797170684863397e-01,-6.550189560850376846e-01,3.928341415934972214e-01,7.463391356826090117e-01,9.972175894441954735e-01,5.804871500050790001e-01,-3.219175486746643222e-01,-3.504852066864402871e-01,1.180781535464712761e-01,6.543198866283000958e-01,2.048373254459708026e-01,9.999439282874871271e-01,-8.346545392255395601e-01,3.386766175962923620e-01,5.184659120738859678e-02,1.748566342473110158e-01,3.524318579358489134e-01,-5.281525232202674003e-01,-5.281591619158525486e-01,-3.276587745803543616e-01,-5.280949680616130459e-01,1.341569437605675930e+00,-9.211289185059078066e-02,-5.713878149724206379e-01,1.938699428921672741e-01,8.760145148747849886e-01,-1.481944008592298134e+00,6.329500010783777331e-01,-6.920745107140710561e-02,5.940072080641087826e-01,-6.214376387209753494e-01,-8.776985618729304939e-02,8.993653198389066628e-01,-5.145234623363477144e-01,-1.279478580017539668e+00,7.217022426075831755e-03,2.406208283244279378e-01,-6.431845490889868955e-02,-2.528748346850924755e-01,9.136004880948110918e-01,-8.227818882151352042e-01,2.517891000258039580e-01,3.832546855720240786e-01,-3.170457884555798467e-01,-3.197896087808102528e-01,-1.183172136785807099e-01,7.320766386514514501e-01,-5.313574658613352542e-01,8.292512129144441468e-01,5.077562112088621626e-01,2.240678791564369554e+00,5.444318434558248487e-01,7.119160952772304318e-01,2.337468993758150260e-01,6.073007253010910267e-01,1.646638256189196792e+00,-2.947230157308187715e-01,6.371653277592748132e-01,-7.752262120767864362e-01,-2.677778855749983200e-01,-5.651235111212395967e-01,-8.232332258346504172e-01,5.532595189461659846e-01,-5.482531067005836922e-01,-5.602454564959011840e-01,-1.194290845945952917e+00,2.539424278539851310e-01,-1.280952261958744343e+00,-3.920791353733095175e-01,-5.847761188255168330e-01,-6.107048582007986726e-01,-9.384007160771323797e-01,-7.228087528761049096e-01,-4.130703851551704997e-02,1.665985159508594493e-01,3.600853221951852423e-01,5.698129884105598286e-01,4.301669292536396405e-01,4.349085501590578551e-02,5.844661905496495446e-01,-1.512385928157463089e-01,1.880487125634355480e-02,-5.073269185002224901e-01,3.730799988284605982e-03,-1.751149975070921128e-01,2.951238419568271709e-01,3.861149919881029513e-02,3.506794153156445742e-02,1.273318677514252206e+00,2.760527727857979285e-01,-2.546014040967987668e-01,4.309898517274862034e-02,9.677643067220300654e-01,-8.463394286396391797e-02,9.660226993367100334e-01
8.791865863843767448e-01,2.517849511939762586e-01,6.098111322460764150e-01,4.588172003178559444e-01,2.050199091526277995e-01,7.415715429153397764e-01,6.270140541068650597e-01,1.257382559266797983e+00,1.139946296286283189e+00,2.004540303010807545e+00,7.431137191667863684e-01,-2.708594793803250841e-02,1.282913524117634541e-01,7.778486479212791682e-01,2.132192493325183680e+00,1.587868699624081614e+00,-1.447203716219906677e-01,1.491654108990059679e+00,1.423215274986840972e+00,9.507227005576239787e-01,7.106301081566415156e-01,1.359587504284462123e-01,-2.712519296913076805e-01,6.320667935466849352e-01,1.726008639181282334e+00,3.332892596016416298e-01,1.899859353514096849e+00,1.338504622995221549e+00,1.678364257284268524e+00,1.815945940100165190e+00,1.600236970591043972e+00,1.486453356033536233e+00,4.976267543794640202e-01,8.510427723392171018e-01,6.392071999033740459e-01,1.862867440414679221e+00,1.598503402294989328e+00,1.337056119292634015e+00,3.831363553380026654e-01,-5.356687079798474332e-02,1.223699456670273911e+00,1.593586009383966218e+00,-6.102123237368570763e-01,2.044650536406554586e+00,1.144453518947247117e+00,1.514467322442737185e+00,1.923176118222124975e+00,3.836870693048755609e-01,-2.827176426048708668e-01,1.844455668577535290e+00,-9.686619194533004074e-02,2.328920379362078852e-01,6.915769051729460104e-01,8.292350502766502318e-01,7.957909829684037817e-01,-5.168746550837599596e-01,1.408564440599541667e+00,9.931197359401255920e-01,1.765223897200140390e+00,-2.544227071027206910e-01,-2.594787362444395465e-02,1.927716045322744876e+00,1.715537141892251038e-01,-1.001252202502847383e-01,8.881508388867384030e-01,6.050954489913217271e-01,1.167027809540990058e+00,1.478319599597565315e+00,8.987592835164868177e-01,1.287864908072501091e+00,1.536716917238780233e+00,1.317773580719540982e+00,6.462902126356085963e-01,1.528474049020603243e+00,-1.540108433103357100e-02,-3.090068047174236374e-02,1.658388777792483948e+00,1.260234965432438070e+00,1.347829582196732101e+00,3.643955868380708840e-01,5.687422861764851456e-01,6.947733920504385319e-01,2.782980152056140355e-01,2.563054737533020155e+00,7.763052690143457113e-01,5.546568064695183153e-01,1.164282593557688594e+00,2.565247130644528362e+00,-2.178697556365808696e-01,1.955932740287653404e+00,6.158361324794329184e-01,2.044184010393158779e+00,4.989263398840965702e-01,1.181908891864065225e+00,1.275613538215217613e+00,8.321960488279964707e-01,-3.956554680351720976e-01,1.454438883859116904e+00,1.260797001473352497e+00,4.748459537442856204e-01,-3.310530903104056955e-01,1.523911635675871512e+00,-7.657987008287732433e-02,1.196379363882375646e+00,1.281235933849515396e+00,1.326846561527835477e-01,-5.353700936631588386e-02,-3.896522040805019405e-01,-2.859575680821940802e-01,-1.813259137753339412e-01,1.730083266267199216e+00,7.219185851588630354e-02,-9.922597688627934898e-02,1.221059191940254002e-01,-5.013019416470897438e-01,7.899754345099140318e-01,-2.293770249288828306e-02,6.074708804235219306e-01,1.070794998423283184e+00,4.206883573089705841e-01,-6.175764297114585966e-02,7.796521978346916681e-02,7.463557806498891667e-01,-1.797590924259320211e-01,5.466986169036924803e-01,9.953145898379106571e-01,5.545356493589775893e-01,-1.143659433129775138e+00,4.375289342942372262e-01,-5.411684609606713936e-01,7.358446569080376864e-01,-3.375175943932491318e-01,7.936736422268891866e-01,-5.924585211936131968e-01,-2.466314840931316532e-01,-9.066889231340252708e-02,-7.455172552515528794e-01,1.372466684627018374e+00,-2.405105001048128688e-01,-4.734768829700037318e-01,1.944214821416590855e+00,-2.849743324961754865e-01,4.085152684052701377e-01,-4.777544342290303003e-01,7.155909410956591277e-01,-4.717121775773081005e-01,-6.583839916942457737e-01,-2.120996068284618230e-01,8.474349712862105921e-01,1.306289085951562123e+00,6.701087479848223394e-01,-3.348897607274442523e-01,5.782462951535990436e-01,-1.130260263909089735e-01,-4.153019266083441408e-01,-1.961324371302445441e-02,5.047868541618703020e-01
2.347476282302939643e-01,-1.105859752792501371e+00,-1.515450634281213071e+00,-1.410107585626559690e+00,3.163034947110024975e-01,-1.346697624380034153e+00,-1.670037065693139144e+00,-1.379571113402910720e+00,-3.305920511854401611e-01,-2.218196485870283785e-01,-1.772360646230195513e+00,1.282882008533343887e+00,-1.303991165990480594e+00,-1.464821613663491728e+00,-8.050628222685912716e-01,-1.499813235423606894e+00,-1.325669262974210172e+00,1.229215898165284537e+00,-4.783716017645264773e-02,-5.434831272105379307e-01,-1.195826535076029762e+00,-8.347288047321153037e-01,5.730025483984387824e-01,8.797783765795282873e-01,-1.824663416904780677e-01,1.434374775969241567e-01,-1.125666812318305121e+00,-1.258735648714137678e+00,-3.255520654246300549e-01,-2.872398181358154501e-01,-5.173498614147982178e-01,-4.717241902882539639e-01,4.611647941816495733e-01,5.159299361630360625e-01,-1.074329945165168221e+00,-2.615908194688821298e-01,-1.299277214616865184e+00,2.391510183592550909e-01,5.252720552037418722e-01,8.919594034375798453e-01,-7.202455265416792818e-01,-3.129473697953054079e-01,-1.065398128806535283e+00,1.252558500602444669e+00,-7.501951723152647800e-01,-4.000833908584970622e-02,-4.292908389317078854e-01,-1.285799064214972587e+00,7.174774786371809210e-01,-1.845897145400653860e+00,-1.108565250313749084e+00,-1.352550475031561117e+00,-7.356204072707483999e-01,-9.006949564976356459e-01,-5.343963265201371465e-02,-8.070076273541056944e-01,-2.099813396296144885e-01,-1.808147396575700672e+00,3.438762465173313410e-01,1.508533279690479380e-02,8.816754329172320492e-01,-9.032591050882582406e-01,-7.198020469451559267e-01,-8.504494617703652892e-01,4.722143639841866469e-01,6.970213514245018338e-01,-1.977374586127423894e-01,5.020103679660261609e-01,-1.832962392053813616e+00,-1.623342032856277983e+00,-1.352309092421122294e-01,-9.382149092785800892e-01,-3.024122162826741178e-01,6.339567535534396114e-01,-1.657705041014788216e+00,-2.892531103542735349e-01,5.403568017796752665e-01,5.611665106412232484e-01,4.598855542794209050e-01,-9.792674842788805512e-01,-9.041306736546619316e-01,3.272248444368021092e-01,-1.141697385782102225e+00,-6.841037460740266862e-01,-7.863434853738113794e-01,-8.801994030558355497e-01,-1.437670865723908342e+00,-1.038788876008694739e+00,-1.145242223451760966e+00,-1.044495460763037453e+00,-2.020536785519519540e+00,-1.214638235648793696e+00,-1.329764460199031495e+00,3.136240653739149620e-01,3.312310402702413059e-01,2.077384383591679151e-01,-7.417618952387822207e-01,2.164485467140531971e-01,-1.887763018140821369e+00,-2.444503086427945338e+00,-3.634268403783453283e-01,-1.290302927857910564e+00,-2.360059806117446257e+00,7.908597257919790513e-01,-2.918874420430947469e-01,-1.191861638869603279e+00,1.285805464109909924e+00,6.197524861126664161e-03,1.631575906041229373e+00,-1.039381893918733535e-01,8.884370795062960235e-01,1.248020330576131487e+00,-9.584470576077201709e-02,1.218631509692788439e+00,-2.063740960131938140e-01,8.084407947490988011e-01,-3.030511607029851562e-01,1.625860884129537165e-01,-1.416628488356433735e+00,1.057360204733245324e+00,-1.462776204974669092e+00,-1.661345373654355972e+00,-2.018486074980871958e+00,-1.119705545040429184e+00,1.153940257960819782e+00,3.050546637046749332e-01,-1.566825767318146934e+00,-6.174366898522447578e-01,-1.528781453733980555e+00,-6.219293090266143631e-01,-1.573798088910084991e-01,-3.975418086768202075e-01,-1.487879660851953112e+00,1.218881546327303500e+00,-1.667755147261925086e-01,1.027430648531691831e-01,-2.080069217321263431e-01,4.811959941646127836e-01,-2.381395995874592553e-01,-5.592293413397519952e-01,-3.538486550029678462e-02,6.609912914641156156e-01,-6.745327158268441536e-01,-1.203487425272445899e-01,-1.490420071895490528e+00,-4.307504917662235977e-01,-2.593600119740476773e-01,-4.749585708357696445e-01,3.042468276465852828e-01,4.412511283660411343e-01,1.114708028677638074e+00,-5.990122145554079847e-01,2.662814481713305925e-01,-3.974753581136428737e-01,7.684288903308791330e-01,-1.724522279325633178e-01,1.186152428331748304e-01
7.144262180405505092e-01,-1.001932049503962752e+00,-1.210551420165217440e+00,-1.425337992425552036e+00,7.049461566498936849e-01,-4.107119258255811367e-01,-9.205819316899578331e-01,-1.341481618217429395e+00,3.168237264678541026e-02,-4.902851180571041745e-01,-2.980286329696928416e-01,1.447172799402970389e-01,9.206798884504412139e-02,-1.109720292899024408e+00,7.531014352212169749e-01,1.964247060824842461e-01,-7.647091254691220641e-01,1.349921656899594424e+00,7.508314991440923070e-01,-3.448482346184429670e-02,-5.517617513744949020e-01,-5.367494529544065696e-01,-8.262139842986740979e-01,9.636362373259279579e-01,-5.111662871694444554e-02,2.894769707989038654e+00,2.397478286571799178e-01,-8.924122493900907838e-01,4.910018542908493044e-01,5.809178547381579349e-01,-5.525105225624897809e-01,-8.747735040207218482e-01,-1.078676160360807934e+00,-2.083690762882505210e-01,-1.605859857966677406e+00,7.222928251008512435e-01,-9.898658224408886097e-01,5.985829053923951149e-01,1.053823486526378694e+00,1.649520004512162741e-01,-3.669100343079739757e-01,4.086469015672454796e-01,-1.181607240858710724e-02,7.418639091315210043e-01,4.427899320816053863e-01,-6.987414784751840857e-01,-9.478740437252964890e-01,-1.116125766668327302e+00,5.096151596735871286e-02,-6.916562170083563332e-01,-8.743888610603828271e-01,-9.748153826688362722e-01,-1.086451304694072029e+00,-3.045193057988347940e-01,5.834488080137351096e-01,-1.188961543614095007e+00,2.296147362416697923e+00,-2.779227459356282126e-01,-1.068093720552591025e-01,3.540079890811849705e-01,1.153005075366408116e-01,7.985373239677132085e-02,-9.563038806667133462e-01,2.262326045948870323e-02,7.356387868248831508e-02,1.662021846164501993e+00,8.959418945591148820e-01,6.387244873939540435e-01,-4.210440199500087299e-02,-6.420759883360239728e-01,8.579062323386043021e-01,-6.541754160508806981e-01,-2.711181460995164272e-02,1.002548238388192292e+00,-1.080830440630320188e+00,3.464025131578927774e-01,-9.303711136581964414e-02,4.457579280111778619e-01,3.781183794285956079e-01,-8.460574635531799004e-01,2.760719191772799119e-01,3.964669789264732569e-01,-4.853541790613444817e-01,6.693478216973646200e-01,1.496465451624291731e-01,1.943554333514272703e-01,-6.707474361877364677e-01,-6.086732692256999755e-01,-1.306788795508267986e+00,-7.178114597836813271e-01,-3.568137688950078767e-01,-4.540600148532076830e-01,-7.722200292959756351e-02,-3.185960995341177715e-01,3.576773787093581181e-01,8.709901217399413920e-01,2.319949690433305844e-01,1.142970413483295339e-01,-1.174152156856518303e-01,-1.823867224264980047e+00,-2.211464614680598018e-01,-4.035666781584010959e-02,-1.124738200199026261e+00,4.845185484920900426e-03,-2.585032580419564519e-01,-9.027921134361329703e-01,5.262926947904055242e-01,-6.970926506456318617e-01,2.797562585048674610e-01,-1.515504283996699453e+00,7.649157888563972163e-01,2.902207824201507580e-01,-2.399453797725550341e-01,4.766932115090590227e-01,-5.844954445855004010e-01,8.514039649970562840e-01,3.385673233952614658e-01,-3.702078897614137221e-01,-1.559884055316981127e-02,6.795983882407018450e-01,-7.038826781701268409e-01,-1.777875635660911113e+00,-2.708634856418212222e-01,-9.053669085541595773e-01,6.021868231092157853e-01,4.503347946376570765e-01,-1.518571992315380870e+00,-2.057311505282117814e+00,-2.052082537923720085e-01,-1.865653897794881777e+00,-3.321589632279441928e-01,-1.639482289011215399e-01,1.022312981061770099e-01,-7.765558158883449913e-01,3.507142193933207586e-01,-4.429852036599995491e-01,-7.272159136396459944e-01,2.533497601977039437e-01,-3.560963529924024429e-01,8.798064780991403031e-03,5.504140328097115731e-01,-7.231327808019049307e-03,-5.018010922768995075e-01,3.592164834080315838e-01,-1.030179216299418998e+00,-3.196767820092981105e-01,1.463236878021883791e-01,1.266168597791932082e-01,3.950869767837416613e-01,1.877578403464219836e-01,1.795945394585861887e+00,1.241593978490799360e-01,-1.868668184324752124e-01,1.140857606383681444e-01,3.277985689776679035e-01,2.516118830254880923e-01,5.218383025910108275e-01
8.200339949945775198e-01,-7.988474532845494247e-01,-1.089390379824900945e+00,-4.106001632806217105e-01,2.152449175231231637e-01,-6.960940055105135915e-01,-6.414608984006110459e-01,-1.309883429410927613e+00,-6.425454547452115195e-01,-8.123653241834826177e-01,1.605436561864771183e-01,3.435067812155105371e-01,-6.585499182621025807e-03,-8.779847147016569542e-01,-8.121365545545415898e-01,-5.831307436876983497e-01,-1.224256617731284580e+00,1.075423444493697422e+00,-2.849236713165220203e-01,-4.109641195501747557e-01,-8.955174534342457138e-01,-9.457011315439382004e-01,2.932210914488556086e-01,5.302296824014904320e-02,-1.322113539400311677e-01,9.819699421360703617e-01,-3.030023791445017323e-01,-7.316527776891603718e-01,-2.248680697583486099e-01,-8.770039323695848210e-02,5.573513659877824544e-01,-2.806575982357034649e-01,-2.646657182732406466e-01,-6.019482041390875615e-01,-1.189321753213693267e+00,-7.484499694172362938e-01,-1.339579756178437719e+00,-1.018047210730517849e+00,-4.936512984773019364e-01,5.284355060794276859e-01,-1.212527634184569658e+00,3.464486991830551532e-01,-5.787613855827461462e-01,1.392669982603384482e-01,-3.083848226486818334e-01,-5.576871166071433253e-03,-1.647612579841693514e-01,-1.916694944342161255e+00,5.994524703269613619e-01,-6.916562170083563332e-01,-8.319755182067830601e-01,-8.182975685565595514e-01,-7.633685838628675446e-01,-1.137294864058511434e+00,-5.963026904624074698e-02,-3.625846312209825562e-01,-7.541580750638779973e-01,-5.124182731745271502e-01,-1.474524361443560749e-01,5.052803328610460110e-01,5.593162940500692182e-01,2.348634054561273832e-01,-1.134518107922829921e+00,7.896328228850260089e-01,-4.212844221561895530e-01,-7.998055707387131674e-01,-3.996003667121172387e-01,3.905138059092675973e-01,-2.233918626473847258e-01,-1.538369516033913698e+00,-2.104686153831428763e-01,-1.171098275950613443e+00,-1.498179708249273157e-01,6.772863781801953253e-01,-1.199256304645623050e+00,3.037982215652176854e-01,-2.964562640570780339e-01,-4.338457817272094452e-01,-2.606381169836607947e-01,8.646133677551990360e-01,-4.201659993565027840e-01,1.541277904266959431e-01,-7.460403236093847701e-01,-8.888966169604683998e-02,-8.749895712477723242e-01,-3.667434918651293896e-01,-8.907589127954678165e-01,-7.083643503787753204e-01,-1.181932904199997303e+00,-4.045809562606819121e-01,-7.165651649369564336e-01,-7.286618530165293040e-01,-1.048279536909832999e+00,-8.940293688509175496e-01,8.417419657176382353e-02,-1.027018672738468474e+00,-5.734045001601345559e-01,-2.189480841378145803e-01,-6.235845242742881211e-01,-1.102709522585915980e-01,-2.166647902296496286e-01,-3.075481568154822543e-01,-1.064132544449689410e+00,-2.942691928266873425e-01,3.411322160934536774e-01,-2.465451835005945114e+00,2.470577221100719589e-01,-2.427745283838745605e-01,3.573057153407974140e-01,-4.504732387677916061e-01,-1.868945501407376364e-01,3.173844803019776895e-01,6.969896237822010843e-01,2.204073670214428682e-01,-7.015202413849475072e-01,5.280814804173961097e-01,2.130320232155106241e-01,-7.882596332262190586e-01,-2.615950743589992022e-01,4.439415967740738267e-02,-1.186164990407786446e+00,-1.394888283373650673e+00,-7.274771185871566903e-01,-1.172261654087837224e+00,-9.034098411031006928e-03,-4.333883434903615384e-01,-1.025267017198907560e+00,-5.823572856902682338e-01,-6.627443442059872680e-01,-7.917728420446058513e-01,-7.444731068815744202e-01,-5.116629720919019242e-01,-1.055709915949263333e+00,3.183011422625631193e-01,1.541933316515255337e+00,-3.363994389910311966e-01,3.713066806051081720e-02,-5.324687027528638428e-01,-2.837636022578199704e-02,1.264359826865391057e-01,-1.145927197980129320e+00,4.721065301152886362e-01,-5.463787797829411375e-01,2.460552402822739904e-01,-9.804822913507333926e-01,6.488073284115249140e-02,2.912093806811584806e-01,1.451417897824270886e-01,-4.099888599023358560e-01,-3.882151834621058173e-01,1.152216121706759688e+00,2.803415197974222783e-01,-5.306916187596443235e-01,2.594213485810722628e-02,6.768947918705866540e-01,7.853980126829855912e-01,1.035290354860555651e+00
-3.290616570720259482e-01,-1.195713320702587845e+00,-1.518923280024462308e+00,-2.529922090575438709e+00,-1.254089945194634126e+00,-2.383278638220353240e+00,-1.590836479657178781e+00,-1.462749349858538439e+00,-2.042290438677756725e+00,-2.084369214318605668e+00,-2.243494992725789672e+00,-1.405425900253263638e+00,-1.609647892139336900e+00,-1.883637109496044237e+00,-4.474320412258275814e-01,-1.695023775807907862e+00,-1.118576761436910205e+00,4.399158453978140038e-02,-1.234147995713563706e+00,-1.639619356679512086e+00,-1.863944725098235278e+00,6.315275241413752516e-01,-2.176666238416300914e+00,-1.792000419376515108e+00,-1.513376455988758362e+00,-1.265698612017403413e+00,-1.938742394453069950e+00,-2.267618656183650661e+00,-2.137843302236945853e+00,-2.213856787397022963e+00,-1.945804006883180115e+00,-1.697033687849458294e+00,-2.173660403824231757e+00,-2.778898624071219459e+00,-1.656791589736916759e+00,-2.215725797317772638e+00,-1.946569020644494996e+00,3.428007559868416210e-01,-1.918373380139797080e+00,1.530372487864602338e+00,-1.652777245827812047e+00,-4.582459660515579292e-01,-1.225530103137209004e+00,-2.662171459192432255e-01,-1.888165069169085220e+00,-2.079724961377110048e+00,-2.339210808641987605e+00,-2.237800612592250049e-01,1.586894026994648321e+00,-1.897234729374834394e+00,-9.043397901352905333e-01,-1.343264981240570366e+00,-1.184627023923922717e+00,-1.178227416090426471e+00,-1.523302843643749682e+00,-4.096894025336726419e-01,-7.081099169481623878e-01,-1.907433299141640726e+00,-2.015093011437366854e+00,1.102546831637194913e+00,1.428790562835960509e+00,-8.448959609636232937e-01,-1.394071448965144899e+00,1.655603121313816928e+00,-5.786196228315146906e-01,-1.841530468910480556e+00,-1.338805220009456898e+00,-7.968464211317364265e-01,-9.984736104656029010e-01,-2.419849225203873022e+00,-1.535885048853209200e+00,-1.827012912145562273e+00,1.275117491795222519e-02,1.049250348761074508e-01,-1.251372084480151692e+00,3.416799062246817648e-02,-2.170729928963861521e+00,-1.276988334045023432e+00,-7.872737000169528487e-01,-1.425209055764310451e+00,-1.736625875991726575e+00,-5.939813705845496949e-01,-1.276352527133758130e+00,-1.536066724782012338e+00,-1.863922876140659657e+00,-1.519772386984876711e+00,-2.177568434136378350e+00,-2.079265978374137624e+00,-1.498567014701512212e+00,-1.097448030249333240e+00,-1.683351184045543736e+00,-2.121704380815090829e+00,-2.563589527542808888e+00,-8.545433349930171563e-01,-4.451538368931309830e-01,1.604196619991598904e+00,-1.939756134047284197e+00,-1.966465728462098550e+00,-1.623415564510468201e+00,-2.199530190180482236e+00,4.267781031093296207e-01,-2.165926218139819337e+00,-2.314830631738409306e+00,-1.760346032580500042e+00,-2.307613970605554066e+00,7.652167725385482511e-01,-1.125790631818264220e+00,2.291457167972033915e+00,1.142601793409490085e-01,-1.171828457543920621e+00,-4.478567695574386942e-01,-1.698363556004053310e+00,1.192279360482103812e+00,-2.114722185493355333e+00,3.125487733646220567e-01,-2.607386433905278356e+00,5.952999469236539554e-01,-9.911190498301387652e-01,-2.072039719829270599e+00,-2.255507329955571905e+00,-1.270663359852189922e+00,-1.919741198245484615e+00,-1.924613728795024903e+00,-1.401235473881374816e+00,-2.138799288734635873e+00,1.671575449897382049e+00,-2.071945906973168938e+00,-6.115650942521880795e-01,-1.528781453733980555e+00,-1.322699281566239948e+00,-1.136491958661443924e+00,8.153364196037777845e-01,-1.862026983212336839e+00,-1.002400024246622889e+00,-7.742703286684320396e-01,1.186088366390655624e+00,1.266836113957011900e+00,-1.452409639642718853e+00,8.785254608314723157e-01,4.548523053648338976e-01,-1.645092517264491738e-01,1.610591343330408876e+00,-4.542606914806855967e-01,5.010433653804631238e-01,-1.646829617710114491e+00,2.494001008157625154e+00,5.618404808282742025e-01,-1.228934879384698114e-01,-8.472826456217144031e-01,-1.138093728039817565e+00,8.173611219439096409e-01,-3.020215316222010782e-01,-2.771474464514689817e+00,7.525094302668002832e-01,1.181442445217032011e+00,-8.845432866444293343e-03,2.795362125723145130e+00
1.357779682877868765e+00,-6.278206627531242034e-01,1.216183345715814712e-01,4.505127934528624367e-01,7.268613920133519535e-02,-6.031786206085874014e-01,-8.877138563158257223e-02,-1.012950900225330964e+00,-8.196218009032293361e-01,-7.178787786270556248e-01,3.414293045893238010e-01,-1.127993925998773683e-01,5.571560872040611789e-01,-9.819106188488624376e-01,-5.553950522642254750e-01,-2.912972387627121851e-01,-7.464645101260289906e-01,6.243730849485233936e-01,-4.969252099741820472e-01,-7.114079724765433044e-01,-3.814067159679075947e-01,-1.204848718057497603e+00,-1.778030217780853572e+00,-3.118769410506475048e-01,-2.583570237114900525e-01,6.333578724026154294e-01,2.788905688619093270e-01,-4.738475961489603816e-01,-3.713471140927577241e-01,-2.510080273690677988e-01,4.697435947069834583e-01,-1.474375146976637074e+00,-2.048565783137835883e+00,-1.129713434482300327e+00,-3.662684414219209428e-01,1.376191208735250970e-01,-1.120774726731118331e+00,1.762015860479817508e-01,6.270434440706151857e-01,5.811822201729280879e-01,-1.213749268422664590e-01,7.508707483757806056e-01,7.455788987472777851e-01,-3.502332959206488211e-02,-2.039308693397827443e-01,-1.668065040941076216e+00,-1.623189613782001217e+00,-6.092735842607921448e-01,8.080467996159595989e-01,-8.283614362857233404e-01,-5.856516318738430593e-01,-7.497623044822174787e-01,-2.383567649616576689e-01,1.928707268242675910e-01,-6.582880670157001401e-02,1.784582243110729646e-02,-6.518454989844261194e-01,1.003226534462609232e+00,-1.506783970447244547e+00,1.174360704345314144e+00,6.077082852426112236e-01,8.898278854880330435e-01,-1.266278317965674818e-02,-7.371947930515879710e-01,-1.343215821673567678e+00,-1.978730693408984997e+00,-1.516677543549809111e-02,-3.492186617183796193e-01,6.629883205971851545e-01,-6.188579031966139343e-01,-2.035921491715909359e-01,-1.127463156993767646e+00,1.414682848704921669e+00,1.074173011218857665e+00,-5.547344614315229405e-01,1.059472598286703260e+00,-1.620351042849664136e+00,-8.207846395432517594e-01,-9.997087254150351932e-01,-6.967963631743260278e-01,4.384041928189819776e-02,-1.159782124282655369e+00,-1.193382950300924256e-01,4.597561056105878841e-01,-6.245073478052352023e-01,1.577274661382649379e-01,7.115177924555965427e-01,-6.860974721784937058e-01,-1.265770724827441684e+00,3.771484763360236775e-02,4.531749348934582255e-01,-3.852737262931926754e-02,2.600266492127015772e-01,-2.234724758750166629e+00,6.307002945473660915e-01,-7.543626010814086236e-01,-1.613875456723117274e-01,-1.062667291857813945e+00,5.425835902451611736e-02,-4.713453538947213195e-01,-2.422286132633535705e-01,5.013194510481867594e-01,5.737021441647226910e-02,-1.766439703013080509e+00,-8.520559023667914067e-01,-9.691105807186687349e-01,1.480878191693598467e+00,-8.071788442495337890e-01,-1.287853566588993970e-01,-1.305453617556195267e+00,-1.317667942206631748e+00,-5.593406998256407192e-01,1.339973210304481688e+00,-6.482265664684023765e-01,-5.401418526970115375e-01,-7.931759747303932517e-01,1.045402557407774546e+00,-1.540399979092860194e+00,1.031451819973193018e+00,-5.932384926991841612e-01,-8.032563712597434735e-01,-8.397872152072518581e-01,3.240285417081977815e-01,-7.159269461179655902e-01,-9.966645782757760363e-01,1.018023895922982813e+00,1.745019502100035202e+00,-2.978652353952584986e-01,1.105928933486279409e+00,-1.160071584948676238e+00,-1.187268088807631905e+00,-4.860486182040632541e-01,1.178989653313780694e+00,-2.068701192629095686e+00,-1.088888883270896057e+00,-7.075515370450538022e-01,8.051541903913188580e-01,-1.006232180127490938e+00,5.138786538739767984e-01,1.502687362242835833e+00,8.413765994757842481e-01,6.626577886971950493e-01,-4.844969046487132558e-01,7.560314904786523682e-01,-8.662842815311463385e-01,4.261295834162203144e-01,1.398352412819716895e+00,1.075597008701822288e+00,-1.170549777193748531e+00,-1.446284426240033616e+00,1.189280946381251036e+00,9.677454150913697983e-01,-1.602973778375083702e+00,1.022111538711784950e+00,1.882647821903470575e+00,1.229420735811195042e+00,5.799124685642184085e-01
8.744766780606866297e-01,-7.046149628932123488e-01,3.524728130248973024e-01,-1.365626504496897549e-02,-4.614156435094624586e-01,-4.057128883889588034e-01,1.352517839242916298e-01,-1.086119263304812232e+00,-5.040687079433560092e-01,-1.353793227208443195e+00,7.431137191667863684e-01,-1.791475969251007605e+00,8.161550397769889997e-01,-5.233002775630659631e-01,-4.273867613757978412e-01,-7.963529929523020801e-02,-1.340935064740772287e+00,3.632165433210772232e-01,-2.528563449017779408e-01,-6.422671063063257746e-01,-3.902226311536178827e-01,-1.235875867073731982e+00,7.732387331573778999e-01,-1.311178179764918683e+00,-6.976869819601126677e-02,-9.981975547769795787e-01,5.947377005513024839e-01,-5.270041068269676332e-01,-3.357023229947671550e-01,-2.924309726352495864e-01,3.343844505813197698e-01,-4.717241902882539639e-01,-1.056957534559165524e+00,-2.828139205134695411e-01,1.299438593572010747e+00,-2.329732432882044568e-01,-4.274944139785541997e-01,-6.437992045534703944e-01,-1.293923909736305777e+00,-3.889500419453469360e-01,1.973390407194753615e-01,-4.050105523341733793e-01,-2.105473235003246513e-01,-2.143348182928922832e-02,8.217568938701672598e-01,-1.699129683287810277e-01,1.707496449588030152e-01,-3.485886343962981138e-01,-2.457621195024450034e-01,-6.722894771720029361e-01,-6.438537893403654122e-01,-3.899879316598237611e-01,-4.556444260823307446e-01,-1.123749761303467709e+00,-2.749495249823882270e-01,-7.157862910749073215e-01,-7.487170654784146562e-01,5.110272134692659396e-01,4.507830579872773580e-01,8.414074014892993780e-01,-4.413148688689412236e-01,-1.980719804415091365e-02,-2.253035831487143828e-02,5.446710605453274345e-01,-5.032856790476686326e-01,-1.058094408274217857e+00,-7.444768645496917525e-01,-6.488768777279663169e-01,4.518960851244086530e-01,-3.862839571242131509e-01,-3.425455184596093439e-01,5.771305330440289483e-01,7.998554977311109759e-01,9.952015861657731444e-02,-4.004350160470400710e-01,1.314523973159273051e+00,-2.145814545937486939e-01,-4.370368609038466912e-01,-5.283304545267039076e-01,-4.229220305374681299e-01,-4.246358774913046030e-01,-3.602950555148683454e-01,-1.260601603378277424e-01,-5.082135749583109874e-01,-5.189276963951121591e-01,-4.505706873354404784e-01,1.981305398156988085e-01,-1.031569470760309026e-01,-6.836935936592528629e-01,9.895027568096118054e-02,2.022808189319701133e-01,-7.416784959853459092e-02,-3.011580452339494562e-01,-6.911553826854394122e-01,3.312310402702413059e-01,-1.590728005980171611e+00,-1.819721951760155110e-01,-8.029671399613272365e-02,1.352306125886144905e-02,1.002504057280077188e+00,5.188512840137506910e-01,-2.699634334178432349e-01,1.962293929840140116e-01,-6.007822838128169529e-01,-4.226896554630682479e-01,-2.998271356436993940e-01,-1.424852359091269838e+00,-6.801045316698055287e-02,1.824106771104249125e-01,-6.332568693570267415e-01,-4.146689040596549525e-01,-1.649054864002079457e+00,5.248258878987733800e-01,-1.602762560309649809e+00,-2.526914410871660688e-01,-1.089774721461058471e+00,1.034108259116816697e+00,-3.004501835846248858e-01,-3.387402348807390384e-02,-1.656373211878321206e+00,-1.270663359852189922e+00,2.414170607987187189e-01,-8.906169816527058358e-02,-1.401235473881374816e+00,-1.504267310550443826e+00,3.644723419485836891e-01,3.374733254372236924e-01,-1.924515377915426706e-01,5.926352852310460273e-01,6.815477627962204799e-02,-8.542264230087449617e-01,1.699404727013469063e-01,-6.981010613873226411e-01,1.254196899953466504e+00,6.071780209763929514e-01,1.647538730046857358e+00,-1.718194207574219035e-01,-4.158091404987410700e-01,-4.152404086790131288e-01,1.415523263662719966e+00,-3.806984185822095967e-01,-5.488882969741224471e-01,-5.147331178167409149e-01,1.394490136949237680e-01,-5.986748121217562169e-01,2.146158208625776331e-01,6.763902773116355904e-01,1.107670465059238385e+00,-6.815256654034217432e-01,-1.066029818469519164e+00,1.017041878046158754e+00,9.134487640072395109e-01,-4.349039653447785980e-01,8.787649413612762528e-01,-2.284297375495715487e-01,1.043180721971777913e+00,9.049924498092056790e-01
1.201885224156845178e+00,-4.311516263803839011e-01,7.176331237126669649e-01,9.242801460102918476e-01,7.005418393908670327e-02,1.805298619815554340e-01,6.350917629023918876e-01,1.926639706081014966e-02,-3.809181909197000837e-01,-7.045045857029476055e-01,1.398629768952488250e+00,-1.172171838749890282e+00,1.318961374996536318e+00,-5.812440760794774716e-03,-8.306454660420009573e-02,7.889948209581982841e-01,-1.660928106084736955e-01,2.515028224165599124e-01,4.622400218946263184e-01,-1.962000635493337253e-01,3.820098258881108322e-01,-3.776540835186006917e-01,-8.679274411468085315e-01,-3.615436199590290056e-01,1.333931777398483787e-01,1.996758493491654018e+00,1.019707379015139859e+00,2.297585776230360310e-01,-1.812842663560122400e-02,8.670306700349250661e-02,1.325876021563296536e+00,-1.262534733435437762e+00,-8.651121618944085379e-01,-4.923946174870901249e-01,6.493178576775502364e-01,5.453911642358843376e-02,-1.668808076184797040e-01,6.839442957332445561e-01,4.680279365875753550e-01,-1.587810855394374610e+00,1.526023688645379850e-01,5.840276605542361610e-01,3.660985384940171894e-01,3.724559371298235000e-01,9.997119701033301276e-01,-1.130896843861766143e+00,-3.874284968138986263e-01,4.962431505721546787e-01,-1.534171939054424616e+00,-2.622604090477829164e-01,-5.448457843005188872e-01,-4.011082935660035265e-01,3.221542983435778384e-01,-1.978077259215745357e-02,9.881589592001917277e-02,6.602638315113903422e-01,-4.818617891664205843e-01,1.163308298923580786e+00,-2.331417450648649581e-01,1.088647643109296848e+00,-1.696851387479462181e+00,8.993004353498155190e-01,6.318484008495953708e-01,3.475645469157843670e-01,-2.092212533725517076e+00,7.816058083290391423e-01,-6.589064051088923124e-01,5.667523701937549757e-02,1.196962031144458205e+00,3.217983751167405315e-01,-2.449622363525507385e-01,1.649156836042642849e-01,2.260628704169183878e-01,9.491693504172687978e-01,7.408207717925766045e-02,9.299378439168517474e-01,-8.296964698119330128e-01,-6.497115705428126997e-01,-5.775072161609180466e-01,-1.918271423017639532e-01,-2.653183466948988434e-01,-6.343147586577818631e-01,4.654266704891626971e-01,9.368235881501042472e-01,-1.901291290408590184e-01,-1.336626049108347314e-01,5.309476431464517088e-01,3.027977479304019837e-01,-4.988830251543762695e-01,7.736771029260330890e-01,1.205009007504164176e+00,2.927591920511887214e-01,1.179666158747917290e-02,-1.055469350938368134e+00,1.113747856536571490e+00,7.110722095759050010e-01,-3.636116086394329261e-01,-3.969689057216925776e-01,1.347834256094720740e+00,4.596317468062399159e-01,5.065605274922478918e-01,1.298826629098087659e+00,6.207687719667056570e-01,-1.587729160130318284e+00,-2.710047209860493855e-01,5.723793914373822567e-01,-7.763552234736166291e-01,3.713790389138720283e-01,1.500424909656682126e-01,-1.859454602393020961e+00,-1.106099844796725185e+00,-1.294730542642098081e+00,2.622938599408611293e-01,-9.399222074125409554e-01,1.489138157745810931e+00,-4.698453770739879354e-01,7.771571829917240937e-01,-1.077975103665555157e+00,5.036423761137882593e-01,-5.010823838643231332e-01,-1.608800326952609383e-01,8.937019067822263296e-02,9.671923501468143725e-01,1.817934827665252939e-01,-6.071696050045533033e-01,-8.289090908516738576e-01,9.621637849454651725e-01,-1.461839817376077821e+00,1.574777350017542377e+00,-1.265666971540913899e+00,-1.198229297700393214e+00,-1.090986303118215289e-01,1.006682975510498457e+00,-1.088699301285571464e+00,8.327771645570709591e-01,-3.854710086280572438e-03,2.327335214986120615e+00,-1.125106859194123565e+00,2.419733500211591171e+00,9.699168709901569985e-01,-5.022345295354999767e-02,-1.657565779032724063e+00,2.955823102305558947e-02,8.027050920530911515e-01,3.036414276206600427e-01,3.304455453103772311e-01,1.648500982501415413e+00,1.126840285024139021e+00,-7.194532980413881340e-01,-3.797166306215433162e-01,3.671529544025517455e-01,1.430066490446169292e+00,-8.298859327741500147e-01,1.252415001119487226e+00,1.889570087256469411e-01,1.560504109044488441e+00,4.088314034732666302e-01
-3.348718115556083563e-01,1.881422921304728435e+00,6.516902055440489949e-01,1.807848616356616256e-01,-4.968760469802397939e-01,-3.957247640508543829e-01,9.504776971110613371e-01,3.821811160757652703e-01,-5.946316185067501703e-01,-9.920005537788685324e-01,2.672175695381026062e-01,1.281809425576946049e-01,6.590918971587171882e-01,6.038561428245574625e-01,-4.742554362289488901e-01,-8.411066207170398989e-01,1.844295574928603187e+00,-1.038749585687410271e+00,-6.983328676484201747e-01,-1.962000635493337253e-01,1.994501349123801948e+00,2.279900781809646837e+00,1.819118572778657961e-01,-6.898363419752715497e-01,1.577226703982787248e-01,-6.883531538174774145e-01,3.903745148826718858e-01,9.965321996333131871e-01,-8.853785800206989132e-01,-8.149950987938169300e-01,9.301265303580936727e-01,-8.450145239175029660e-03,-3.368433557799889178e-01,-7.782185981992172374e-01,9.233774116608842730e-01,-5.051207434188921264e-01,-3.089981324656322359e-01,-1.900177710283774024e+00,-7.150466692357690390e-02,1.001173788196890180e-01,-3.957476786702614491e-01,6.140226791648495386e-01,-3.181747353854427751e-01,-3.756622399343127472e-01,-2.708496044405507563e-02,-1.050238196526177559e+00,-5.731362713654105656e-01,8.337892467418021036e-01,3.433063365586661031e-01,-1.092362682806222868e-01,4.842921262979955066e-01,5.222763747230628750e-01,2.331056224518322395e+00,-1.607430862182784304e-01,-4.329001485377118597e-01,-1.204629953546889343e-01,-1.043284254447979009e+00,1.388484584302156766e-01,-3.998088689255789308e-01,4.729543300988549581e-01,3.412252832803627095e-02,7.985373239677132085e-02,5.582364670245929528e-01,7.929417652235848379e-01,8.943728009019314973e-01,-2.806271461654338273e-01,-1.312582088531670355e+00,-1.012872182434508828e+00,-4.481661195991120672e-01,-1.915940221211210881e-01,6.557692612128238063e-02,6.961149620919214742e-01,7.688448883255729616e-01,-4.981699785256507029e-01,2.077820155870490737e+00,3.270708644569473855e-01,-6.896304954656740094e-01,-7.894845487060226930e-01,-9.880658480871247207e-01,1.365158709129237202e+00,-9.184110138261358802e-01,-3.077086188973041092e-01,1.541539258630640008e+00,-1.488583365275198744e+00,-1.069444806041902174e+00,-8.754921246090717757e-01,8.721302147949352435e-01,-1.031569470760309026e-01,-7.649872252510296622e-02,8.672366160613458053e-02,7.771003848861484098e-01,-1.060090245954839194e-01,-5.288956933787383186e-01,-6.446988486422816633e-01,6.017453236458299992e-01,-2.076170799593370919e-01,-6.438729890456249549e-01,-6.666877353463573908e-01,1.081257574245129277e-01,6.609208548325643529e-01,-2.407134936424194793e-01,4.601081030767951718e-01,3.731287616377721994e-01,-4.682581127185344028e-01,-4.440045575967292435e-01,-4.125653340258127466e-01,-9.262774409249331653e-02,4.264759049243971312e-01,-6.811197971853338862e-01,6.659877013531337875e-01,-1.349358565143641053e+00,2.941091988409139102e-01,8.186930233881065666e-01,2.224406591129760719e-02,-5.186120313805741011e-01,4.838068390528899032e-01,4.169596844855822937e-01,-5.807490488331646938e-01,-1.305876954259123091e-01,-1.644079404413723022e-01,1.749790661568608519e+00,1.354298509263549555e+00,-2.402206705073599569e-01,1.764822439414425403e+00,-6.196636301653162260e-01,1.880954800709654928e-01,9.647881305310699318e-01,4.750333401637211739e-01,2.290765096335578843e-01,4.436534915706414894e-01,-1.114917928744617814e+00,2.502202114034693392e-01,-2.747282244088987690e-01,3.712256255151424322e-01,1.228065375710811091e+00,-3.147375554119985486e-01,3.985052973983061464e-01,-8.133660356150458348e-01,-1.957153908829288025e-01,4.332577027600600372e-01,-7.919763087350862873e-01,1.208256008487802180e-01,5.253909499489250318e-02,8.998173481508968397e-02,2.020823934021889645e+00,-2.434738083943897291e-01,1.425033901436499884e-01,3.885050306015205290e-01,-4.352635096274382054e-01,-7.192606651403878892e-01,-1.202876198753598747e+00,3.993062920805502958e-01,-9.583676358677688523e-01,-1.100992791748701127e-01,1.095596563218053987e+00,3.181596789038146911e-01,-6.888219246684094133e-01
-6.576595713423712963e-01,2.099196266842365599e+00,1.326026596799281698e+00,5.825028386259949453e-01,-1.544511751599188853e+00,3.179539586501190507e-01,1.598523332802829877e+00,9.011517865099615276e-01,2.078964844482216745e-01,4.402794783822908675e-01,6.277402926965577334e-01,1.303152679177581152e+00,9.441204438663596266e-01,1.062642380575267165e+00,-4.608299264647878202e-01,1.227701027275640705e-01,1.669536014676902713e+00,-1.315256722227510000e+00,-1.102990249549463814e-01,2.628495682845318204e-01,1.528280935878473690e+00,2.129408658845473479e+00,1.002164950508579011e+00,1.399933375217672360e+00,6.948348219407668447e-01,-1.374125043395346135e-01,3.105797156286415478e-02,1.329484667289742461e+00,-3.002420159297070068e-01,-2.976259399550775231e-01,7.331829700429778329e-01,2.307875006782512950e-01,3.537532933523159229e-01,5.519210002383641012e-01,1.190030856380443369e+00,-1.240330451722099388e-02,5.221520956667834445e-01,-1.648139472185572663e+00,1.437549724486150149e+00,4.318202250141273679e-01,1.164857323208051021e+00,5.463261858005941107e-01,7.978384655550151139e-02,5.147209211882116664e-01,8.891648767178037538e-01,-2.718620394649873262e-03,4.825585077611353468e-01,1.195103025059781388e+00,6.226249392099317825e-01,-3.740137264443100240e-01,1.192369712243006807e+00,1.144712839517153302e+00,1.576001557503770467e+00,1.552060883463839192e+00,-2.749495249823882270e-01,-1.925867123139681780e-01,-4.155604289158350007e-01,2.168287787908495245e-01,-1.888033352617928678e-02,-2.199969890486063173e-01,3.787847237764263575e-01,9.276546762141116842e-01,1.323820919365580551e+00,-6.014798860327914554e-01,-1.018123486172608887e-02,1.942612426172714679e+00,-1.078456273362798257e+00,3.945291885002000787e-01,-4.147836839123748010e-01,1.782825573346268067e-01,9.188138739767243157e-02,1.527366878830253683e+00,1.411053623759271902e+00,3.198854429263139343e-01,1.998226736490247069e+00,-1.030297954533481386e+00,2.239020474028212693e-01,-1.709160004785299780e-01,-2.311447485672676050e-01,1.638345092151842541e+00,-3.978550942139653102e-01,-7.107280291274479245e-01,2.521210766056739327e+00,-3.483752657349729609e-01,1.151330586118823662e+00,-3.667434918651293896e-01,3.289559776402827818e-01,-1.548129362799025299e-01,1.197976564707908115e-01,1.056862210802550717e+00,1.215594521468026379e+00,-7.019837443400914201e-02,4.765569161342048110e-01,-7.855068546562232745e-01,5.251026910343596921e-01,-1.271389985825629676e+00,-1.751022434387946303e-01,4.657434890068150590e-01,-2.764430416529856660e-01,-4.782669168904776225e-01,-7.479065035482990176e-01,5.666619108263916127e-01,7.165166314983323348e-01,-8.515642002347744155e-01,6.347772057052614159e-01,-7.629006403793333613e-01,1.205458158801735014e+00,-4.583798846227873924e-01,-5.645320826667803438e-01,-1.305453617556195267e+00,-5.766393799981891499e-01,1.666800448622427266e+00,-8.047239284128269166e-01,1.926329513604756904e+00,-8.170224769084163396e-01,1.800645008084942544e+00,-8.149148882797528914e-01,3.115574403724885033e-01,-2.947230157308187715e-01,1.994398726418125101e+00,1.672185766400009932e+00,1.250220799816532002e+00,4.780560140707357936e-02,1.847313490637569666e+00,1.352705394166477726e+00,-5.648844884177275372e-01,-2.899502402589146932e-01,-3.229361225886194786e-01,3.981800078585478464e-01,-4.908373819010261596e-02,2.604177495728579039e-01,-3.795494292963341731e-01,-1.139235002459318968e-01,-2.476991487584895846e-01,-9.982643478253274694e-01,-2.875868936669762621e-01,-3.143220064210566767e-01,2.498067783288283050e-01,-6.988077309593788700e-01,-8.271943058655314429e-01,-1.012811639045950063e+00,4.966828544544864554e-01,4.872038447844920239e-01,-1.762388359291135187e-01,1.670568485386541457e+00,-6.702153084682723749e-01,-1.043585063035656679e+00,-1.065207314026642038e+00,2.672872930477454001e-01,1.735799497800635804e-01,-3.841293652940113573e-02,-8.792830567611817916e-01,9.456920656381403445e-01,-7.827398047733121755e-01,2.700600545261684915e-01,-7.559523008583066694e-01,-9.069781908741515464e-01
-7.627148096372377006e-02,1.194056698740497913e+00,1.566258768549547931e+00,1.344968894624041900e+00,-1.482070792383876512e+00,1.007150029185035933e+00,1.718658693326198250e+00,1.120540878366687032e+00,4.808466815913864933e-01,3.256848443616905953e-01,8.422440747354280610e-01,-2.881715186222965630e-01,1.111533063559648538e+00,1.104307365937516661e+00,-4.742554362289481684e-01,1.145155265737879846e+00,7.998990463159346698e-01,-5.043342347179595730e-01,1.313010312548208991e-01,3.997428800343652000e-01,1.111269689663658466e+00,6.379904228577210068e-01,1.205711889471398290e+00,2.340782723405026577e-01,5.968022002490768196e-01,-9.597774968864815071e-01,6.973181034070837780e-01,1.324970199414034155e+00,1.067957830034863137e-01,-1.242886671446731366e-02,9.048934815856591873e-01,1.137573940540658857e+00,1.246090575305349057e+00,7.634801142146477870e-01,1.069717233292628356e+00,7.587469436456357741e-01,1.253424667467133213e+00,1.197577966631451912e-01,8.943945677527511684e-01,-4.294655995438349805e-02,1.473647042062109724e+00,3.659535558787955223e-01,-9.471229414037033445e-01,6.253200502598466048e-01,7.649471565890603175e-01,1.044800955736877812e+00,1.141675819163841643e+00,1.532531235453305163e+00,1.162633261974308913e-01,9.566650831116465525e-01,7.832309344397508921e-01,9.424325116726713913e-01,1.627463842370984182e+00,8.412384606866590842e-01,-1.660967004301315553e-01,3.076740080313797310e-01,5.384191523357689108e-02,5.074570441757710881e-01,1.206449114201857631e+00,-2.978737033816106217e-01,-5.658031036178803180e-02,6.932683643169931242e-01,1.521577626957125950e+00,1.895657807991164567e-01,1.932270463076863676e+00,-5.562843771419004879e-01,4.837714006578633930e-01,7.779051585344283481e-02,1.923881605643311676e-01,8.834380738950565748e-01,-1.967230651044666323e-01,9.154488212148328419e-01,9.294072198125550299e-01,7.533896068007230884e-01,6.315076599237308130e-01,-4.136409151503278592e-01,5.921202846402741082e-01,-2.588251334469808818e-01,-2.409540324796765054e-01,1.447818894106458476e+00,4.418031421944959569e-01,-4.783594175479026489e-02,1.137404192891003918e+00,1.294006740066459216e+00,-2.548462070065726781e-01,7.902563617709028598e-01,1.358605906950332232e+00,1.177690175641214365e+00,4.081375519011552488e-01,1.165211690882121731e+00,8.561560444329610053e-01,8.200198129612540354e-01,9.131274181714739147e-01,8.273454675558914451e-01,2.780047702895325212e-01,-1.045755028933223141e+00,6.383067488983954485e-01,7.383542186274356656e-01,-2.514138261653899309e-01,1.401526014204901305e+00,-3.716237247526544274e-01,6.713167830218568222e-01,1.454096588836322645e+00,5.006202272664920239e-01,1.120507428468998645e+00,5.986710268038375471e-01,3.005040980758726943e-01,-1.098854011827248567e-01,-4.479443681482267459e-01,8.545653727384650011e-01,1.609920477660259364e-01,-1.376679223851665634e-01,-5.232764641569348507e-01,-2.828764883121064055e-02,2.996334153193526695e-01,6.098262295727246984e-01,-8.931983030022274672e-01,-7.643758098904494466e-03,5.964389065986021032e-01,-2.176870734326071810e-01,8.296638609213223825e-01,1.266890088620289845e+00,4.113310791023240265e-01,9.910494332034928133e-01,-3.955445775688301024e-01,-5.104492550864775380e-01,6.346258803713671348e-01,6.727732489577029629e-01,1.084060023941233908e+00,1.095223979580592255e+00,2.655784808514493611e-01,3.903646324385849353e-01,1.048733839201338336e+00,9.084432224393048649e-01,-1.449263551717131060e+00,-1.690398819228477456e-01,-6.168156878784687436e-01,1.167052722065633069e-01,-2.215847479150945820e-01,-3.923394952749444387e-01,-1.097860278317971616e+00,4.281305733134491143e-02,1.309321635053446675e+00,3.304370984758732699e-01,8.637194062470145983e-01,-1.236042428809271954e-01,-1.934854953199733885e-01,-2.985658332416147309e-01,3.049249231378312053e-01,1.778440449002340329e-01,-4.007428384718444425e-01,-3.868735820369629264e-01,2.696578022511837425e-01,-2.491519778358889103e-01,-7.871611616041619408e-01,-5.638587396630517778e-01,-9.007161346594942941e-01
7.361859598489164380e-01,-2.484343586898917211e-01,8.854278489527661611e-01,6.924326724576799208e-01,-2.512162461664222968e-01,-1.143580100642835155e-02,4.854331834111507149e-01,5.127446402704441963e-01,-3.347719784986289415e-01,1.125999713285798752e-02,7.394182033018467104e-01,-6.322026220712438915e-01,4.504010452281159704e-01,9.666868870438521943e-01,-6.100553516670693677e-01,4.053819606709537227e-01,-5.254286829332927011e-01,9.048153146647693046e-02,-3.928606261900303709e-01,-5.434831272105379307e-01,-1.493374243268160428e-01,-3.086491980175700145e-01,-5.741391106937522582e-02,-5.352043244672075595e-01,-3.220714336431261815e-01,-3.798088304609251731e-01,4.144066749447485876e-01,4.746330894545219836e-01,-5.628991720860186954e-01,-6.274020267504558657e-01,1.605919876711144334e-01,-3.016131299377446950e-01,7.605898728028451239e-02,-1.165840612879661536e-01,3.518192015436674147e-01,-6.409247985028696526e-01,1.170449939627759423e-01,-4.486485649203628134e-01,-2.166869053015615595e-02,-2.754174832381670046e-01,9.249211634723069064e-01,4.395107971364417554e-01,4.472612810839589337e-02,-7.141552160691892748e-02,-3.236142431533213515e-02,8.934613275796373655e-01,1.746675114621844549e-01,8.782770803143800098e-01,-1.939544044364568676e-01,-2.499256428585659162e-01,-7.419315438310674082e-01,-8.570986832912681486e-01,-1.957607914010728867e-01,4.940274606307348826e-01,-6.728633894802206195e-01,3.606775624226708499e-01,-5.309138723481479083e-01,2.279101538145463790e-01,-7.887249522062271812e-01,1.079354741835328646e+00,-3.066328902246432953e-01,-7.351020551181816076e-01,9.390592675898226105e-01,-4.164066882108566348e-01,-6.853768607642766186e-01,-6.991905530300227545e-01,5.453530169713846076e-01,-1.191277265119718293e-01,-4.749547682019545358e-01,3.582369401657582997e-01,-8.086300809306389281e-01,4.205078019115183197e-01,6.137233242171841185e-01,-4.970360522196389796e-01,1.634097354759198872e-01,8.266109942024127966e-01,-2.605518764577521296e-01,-9.447220137123437667e-01,-9.841916907209453669e-01,2.686185186115369050e-01,-8.331199791867149873e-01,-1.172156850769655367e+00,-3.866862580126552706e-01,-3.034440151879170267e-01,-2.380358660311999164e-01,-1.032470928632122975e+00,4.615183656042483595e-01,4.860207978814023444e-01,-3.521199418450019492e-01,2.388273514309490475e-01,1.205170531976525045e-01,2.965161565585400782e-01,-2.089705122300047901e-01,-1.049153718408866398e+00,2.281766433521589532e-01,1.082667468478452966e+00,-6.289637251617321567e-01,-4.190687464194511325e-01,8.577847335262458461e-01,2.026397980194752022e-02,-1.127085039398898758e-01,-9.464913142443476257e-02,5.777532781518024407e-01,-1.078996927997753597e+00,-1.002420395792352759e+00,9.914938983226920799e-01,-5.181464538111510976e-01,-1.864681994117790287e-01,6.816310726792018659e-01,-1.454585178683774904e-01,-3.215293445314901799e-01,-6.000840439096033485e-01,8.382169735621993745e-01,-5.322338721222725777e-01,-5.886168158333219269e-01,-4.837033018942029083e-01,8.741061424672027513e-01,-1.039080106996186137e+00,-3.854181724509975204e-01,-6.190739347241641655e-01,-5.740561079170630743e-01,2.747293460703795764e-01,5.512526306259027398e-02,-1.797590924259320211e-01,-8.809116634185836237e-01,-4.566123661843201620e-01,-7.773145617749831204e-02,5.994384256341792616e-01,1.790637889814241102e-01,9.740753170848195919e-02,-8.474921455516036817e-01,3.144218806587255055e-01,-5.302445043329905294e-01,4.795059250684870489e-01,-2.945061036298010082e-01,-4.083866243494950754e-01,1.610511171473556491e-01,-8.540007233164194078e-01,-4.326662848138441153e-01,8.114516496519552646e-01,-3.604469778364474131e-01,-1.392596267134082744e-01,-3.195554377196755946e-01,3.471216993925633765e-01,3.435251965053283223e-03,-3.326933427178322550e-02,5.371978149559871740e-01,8.996655292248791902e-01,-8.605222294969507857e-01,-7.622700865525230407e-01,-1.453182388982749984e-01,8.783058776227079534e-01,-6.793610322718224293e-01,6.418625808463406246e-01,6.748408584004731425e-01,8.555530523629788497e-01,-1.316185814382548225e+00
9.214032834039730391e-01,3.064891771164536260e-01,9.372471833378924755e-01,1.390143073807372787e+00,1.360238736047488350e+00,4.618254955819965368e-01,1.130332677529644503e+00,1.545798076817149980e+00,4.136094265555019245e-01,5.813258448265512524e-01,1.523443500080699620e+00,-1.308853328945192906e+00,1.241038934709524533e+00,1.309822717895924526e+00,1.009552164381628980e+00,4.180176018663746551e-01,6.409148798439925354e-01,1.716203892094184946e-01,-2.421989702656410781e-01,-2.303657414258605263e-01,7.129644726771456886e-01,-1.953706391552636756e-01,-7.612000205549616094e-01,-2.135285433530321741e-01,3.620158087108419909e-01,-5.708597207220368341e-01,1.286713426804991567e+00,1.043761872807660529e+00,-6.678930310617332833e-02,-1.637815967443353449e-01,1.410616599657164461e+00,-8.421188960566574622e-01,-3.598267241413898310e-01,-2.120696242762497297e-01,1.684467030567165624e+00,3.613941155487920276e-01,7.572483453198076697e-01,1.187095215122735192e+00,3.519864482939477068e-01,-3.169029590180282296e-01,1.393772021378195447e+00,1.081919466429013044e+00,1.076764519500850587e-01,4.356399091035279003e-01,1.043317609185251182e+00,-1.125737233438060952e-01,-2.383573040371191609e-01,1.460679579148455698e+00,-1.329700414904366745e-01,3.526717325433346706e-01,-7.265881722648550589e-01,-5.856524068152346718e-01,7.321699198225579686e-01,1.133128348777960648e+00,-9.694072343881796061e-02,1.327499726330184870e+00,4.696569398695874670e-02,1.248766128240724971e+00,-1.474524361443560749e-01,8.496249018175696666e-01,-3.139569429806700063e-01,4.522096975636512584e-01,1.563756302781472929e+00,-1.179915014255431993e+00,-7.625747697968111583e-01,-3.859157254352489352e-01,7.734758513805227720e-01,-3.853571983877240870e-01,4.213627357575531751e-01,6.586830757020986082e-01,-4.774062762683380923e-01,6.123078807357744680e-01,1.008785369466867143e+00,1.301560683450429801e-01,8.669415935055561073e-01,1.083696965360695152e+00,-1.536209382666836598e-01,-8.103259214046023562e-01,-8.619773403855179872e-01,3.643955868380708840e-01,-6.422710938219661214e-01,-8.825225693334348698e-01,7.129016618212481449e-01,1.153559959064836882e+00,-7.404041752145111843e-01,-5.668769785541661888e-01,1.827414702216869857e+00,6.462942765969199588e-01,3.421849849167041824e-01,1.831600629445500950e+00,1.359306412449430512e+00,5.471470348982934162e-01,5.729276182670750561e-01,-6.736789001791915199e-01,1.070100424282002471e+00,-7.761705479190679213e-01,-4.207057231960270038e-01,-3.274242028566894946e-01,1.309917931516748846e+00,2.651729998084313977e-01,-2.391998081150464861e-01,1.363008612045001344e+00,1.201188382499808638e+00,-5.141205333948908329e-01,-2.877061905386370522e-01,1.268013463246633554e+00,-3.660159913466050630e-01,-5.959088597769733875e-01,2.177702394900432950e-02,4.682074551755183722e-01,1.782142800444676961e-02,-9.032661283690907039e-01,8.330174669456419378e-02,-7.353561051611410271e-01,-5.948276891104923303e-01,1.490870768007595548e-01,1.205377215423915294e+00,-1.473253284276847985e+00,4.139333854150518133e-01,-4.052205832959519527e-01,7.237892887293592148e-01,1.375384099612424027e+00,8.022468256294238431e-01,3.867732329347335352e-01,-5.002087852042492733e-01,-1.783356061553671157e-01,3.944827678905561408e-01,-2.889556734867885224e-01,1.513458263130115666e+00,-9.615451803091469574e-02,-7.444731068815744202e-01,4.321649988760661171e-02,8.740966803341897462e-01,-8.245924240779577419e-01,1.622525567210700570e-01,-4.859552763968961187e-01,9.304006751029453293e-01,-1.227460479131548432e+00,4.689216168835834142e-01,7.026451561522735201e-01,-6.157110758287284158e-01,-2.441946293958062730e-01,-2.257889522879171218e-01,7.945043371370283936e-01,9.850592315748021299e-01,3.693014911808475409e-01,1.086176061253652181e+00,1.161841564296521412e+00,-5.201721335127484913e-01,-7.576982899697055629e-01,-8.554499880781200050e-01,1.364935918636405621e+00,-5.096489293648764907e-01,7.805041659340896665e-01,4.366324193703038925e-02,1.268579595442757668e+00,-1.521989033667235036e+00
-5.179577395980287102e-01,1.553225179248595600e+00,1.786966637692437132e+00,1.288191285235807504e+00,1.167734000562091090e+00,2.402057989510424818e+00,1.080155031342509897e+00,1.409590424391596875e+00,1.707639951195975225e+00,1.191510248243109249e+00,1.350883367563902482e+00,6.843607467145102798e-03,1.256685948588543766e+00,1.488060070202622320e+00,8.798608410987049933e-01,1.921179740106497391e+00,1.479995008125441602e+00,-1.304377803285745152e+00,1.631314104017476563e+00,1.631926228727301087e+00,1.542029895381067606e+00,1.641755214777850691e+00,-3.834703698258782878e-01,9.031673142164381440e-01,5.328192676420850926e-01,1.054784121745824289e-02,5.665322663381296975e-01,1.238620983011740728e+00,1.609887503531425068e+00,1.552863992073061583e+00,5.497747482441335265e-01,1.725965136859238802e+00,1.352364890555343147e+00,1.542635605839460355e+00,8.295603320536444336e-01,1.246278337942246628e+00,1.291480585838723272e+00,1.409786395591495767e-01,9.444199486363555884e-01,-2.738902207802927258e+00,4.388827305137568691e-01,-3.645437482535159729e-02,1.699429325585578021e-01,1.568574128892162856e-01,1.580878661287629328e+00,1.036778881996060608e+00,1.284339510473394785e+00,1.227637079299866762e+00,-2.835612069090614362e+00,1.927781527583722232e+00,1.657220285761522804e+00,1.530015569213715398e+00,1.072543525320321489e+00,2.069338553795470048e+00,1.428034364996351613e+00,2.542571126766919876e-01,1.301030205466237710e+00,1.471444038112642572e+00,1.237392106929841917e+00,-7.481228732106096624e-01,-2.745724218550161577e+00,6.543775556967208473e-01,9.721644326460829877e-01,-1.072172275093101312e+00,2.721633517352325948e-01,8.406307714389836816e-01,-1.060747191840779147e+00,1.186790807524062297e+00,1.978027201191377760e+00,1.319665655493917455e+00,1.041554388361981998e+00,7.099988333586825240e-01,-2.589359198625659775e-01,-2.676434396769131197e-01,1.511806671981913208e+00,-5.536607511025298800e-01,8.788746816024455288e-01,9.780492931812311275e-01,9.185572021962093991e-01,1.477290235576565358e+00,1.975698966786499255e+00,7.819159050498243613e-02,1.737251328558386376e+00,8.710499750432980359e-02,1.798399407228802982e+00,1.797391911971570000e+00,1.193957593262858108e+00,1.037215848036601606e+00,1.875970422959688522e+00,5.739121408292799931e-01,1.336021187671437183e+00,8.856684043300899756e-01,2.304313946399671575e+00,9.021375038068163432e-01,-7.019518727746973559e-03,1.242385269598449860e+00,2.039221748494599140e+00,1.160348807109959690e+00,2.076874518325058094e+00,-3.308768982382471746e-01,-5.160112300538663987e-01,9.365254084981892158e-01,1.609184218347048168e+00,7.939812378539492510e-01,-7.534805017646705183e-01,1.425191060053344838e+00,4.220764338708450913e-01,-1.005349520142167830e+00,-2.813698593068674758e-01,4.028607663615245693e-01,8.566334693421319146e-01,1.564206315516405710e-01,-6.619418876725746692e-01,5.780295984063980042e-01,-7.038080038351640644e-01,1.075692118564199440e+00,-6.133668868034092281e-01,6.984389065267708752e-01,1.712266741486193622e+00,7.927862134170349240e-01,1.476584389549013387e+00,1.226333399672965729e+00,2.142835214229651619e+00,1.917807276092940993e+00,7.555336582078694407e-01,-5.601268996904871234e-01,1.323100901177930444e+00,5.801663509097682025e-01,8.641499882640608643e-01,1.170213095684861315e+00,1.538683501444522150e+00,-1.774694627179020101e-01,1.619219014434431836e+00,-1.713550556898968125e-01,-6.096482751409628559e-02,-5.929059672577907669e-01,-1.154404371518630734e+00,1.239496787218746565e+00,-1.016980390536515788e+00,-1.130117997142669584e+00,8.692173220521619559e-01,-2.688670918293186496e+00,4.885195324696068320e-01,-9.350303521473256330e-02,1.041888466870447338e+00,-3.843658448842271480e-01,-9.641118881337926716e-01,-5.157112401617728326e-01,1.301696162999606887e+00,1.141911606653472910e+00,-9.095139958306187877e-02,-5.210779226904624917e-01,1.518811674897131425e+00,-3.852351929446933831e-01,-1.187049108195775027e+00,-6.471351158058903374e-01,1.602585342878505847e-01
-1.706827250224450587e+00,9.428103624977346442e-01,-1.654658867198280370e-01,5.620022983607643186e-01,-1.039866007893955002e+00,3.992198415346613904e-01,5.358436608982812543e-02,1.142306115676626349e-01,-2.145651544879496053e-01,3.554735167977848276e-01,-5.160118782189774267e-01,-7.323521341475971447e-01,-8.566350243629951011e-01,-1.002065001968814595e-01,-5.079408187996683477e-01,3.164276443871634203e-01,1.211440236281180693e+00,-2.147235572250850932e+00,-8.184825848299726037e-01,-6.748893865062693953e-02,1.853922293089646234e-01,4.619166451847116495e-01,5.370934130727104128e-01,-1.143211377525614303e+00,-5.354517485227328066e-01,-1.317344018660679295e+00,-5.535169036148063215e-01,3.036263623245454846e-01,-3.357023229947671550e-01,-4.605921817396831375e-01,-6.366996469205599141e-01,-7.290972805537859758e-01,1.309518288889247373e+00,2.372234612797111675e-01,1.837597718389837875e-01,-1.475873195722859910e-01,1.781326634796354946e-01,-9.184333147568599642e-01,-1.268758755187748388e+00,4.606744630871850710e-01,-2.195997335604530365e-01,-1.037261736355640229e+00,-1.349756122288415572e+00,-9.871665441892598647e-01,-9.772884360946927362e-01,3.472168933420821668e-01,5.952868466963907590e-01,5.398577375275008527e-02,4.842316407722594973e-01,5.470704242603432466e-01,1.272151198162364771e+00,1.303873647665690472e+00,-4.733465960382889914e-01,7.784356146382830424e-03,-8.082713071283026407e-01,1.024349308002820286e-01,-3.526830018073339734e-01,-4.762232948818559963e-01,4.336413398411878561e-01,-2.007613223961061955e-01,5.356694179341199291e-01,-1.298885378994268702e+00,1.108270244578484359e-01,-2.848441949583612187e-01,-1.661896038233635908e-01,-7.919810304114747179e-01,-2.232262452183400026e+00,-1.088202488760811049e+00,-8.300892424552059889e-01,6.548114935365911826e-01,-6.298463563448247760e-01,7.539261476306727272e-02,-3.783672534665020737e-01,-1.707652058487222790e+00,7.878760488176160814e-01,-6.471827393407362239e-01,1.407092973159403126e-01,-1.709160004785299780e-01,-2.837141681912514479e-01,3.802056394868990608e-01,2.351077604093421702e-01,-1.828501520765040134e-01,-1.193382950300924256e-01,-1.038783893267103853e+00,7.794876100962891963e-01,9.215012946695544382e-02,1.038013397728397152e-01,-4.131310969109365239e-01,1.278304084404017882e+00,-1.661986376808008703e-01,2.478704548710446848e-02,3.712142303797962839e-01,4.466080361303556567e-01,5.953474671080237757e-01,-8.745093829325705226e-01,-5.484680255386312764e-01,3.080940550430650848e-01,1.825566173699612604e-01,-1.383657957905298774e-01,5.253719047552839888e-02,5.734750078654524685e-01,-4.603396821729797139e-01,5.017783602968962642e-01,5.508276586939570008e-01,2.716842120131240934e-01,8.811269438207182114e-01,-1.254429579640050418e+00,-8.945326682586969280e-01,-8.977182005091596251e-01,1.438835768228543088e+00,-6.792011343984091232e-01,-5.910049132829265917e-01,-6.202978355140026379e-01,-8.815474222612723620e-01,1.203531863183806339e+00,-9.948442830287781424e-01,-1.052356109720095523e+00,2.282128935786412738e-01,-4.287813064982143318e-01,-8.725317969213092217e-01,1.198387776662020343e+00,8.798639290937779744e-01,8.068167279578131179e-02,9.991428942516795697e-01,-5.905605617421951781e-01,5.951870743198155456e-01,-3.843640734808511511e-02,1.860701573699339972e+00,-2.653178897702964667e-01,1.145782343056106489e+00,7.634101958716258407e-01,2.906912263215314374e-01,-6.480648034306297767e-01,5.133763775095783188e-01,-3.122318227265469814e-01,9.048070560384171568e-01,-2.772174616426067439e-01,4.184909665567511095e-01,-2.837636022578252093e-02,-6.570645516431836697e-01,-7.607096680353743201e-01,6.879665891847794867e-01,6.609322055092374804e-01,-6.584088493925815966e-01,6.369149862775064230e-01,-3.799129220728469924e-01,-4.624071488627831128e-01,-6.812754592938774501e-01,3.861149919880996206e-02,-8.613381610544278144e-02,-1.099524196949998478e+00,-6.481937038164501397e-01,6.789774788657161331e-01,-4.652259075283942114e-01,-5.062720309425831067e-01,-5.461649318249182095e-01,-7.585733311213682661e-01
-1.273540755576478389e+00,-2.657915775369336098e-01,-1.050593535198992345e+00,-4.608565072066386215e-01,-1.795012925379938284e+00,-5.266158994464663623e-01,-1.095891604876839676e+00,-4.513243577926699390e-01,-6.469177140556416905e-01,-2.177212333194598060e-01,-1.347011740754816111e+00,-6.511442489940847400e-01,-1.732597767816931533e+00,-5.446235333992273109e-01,-4.407434223235295878e-01,-5.455388850744307128e-01,2.743689268172582740e-01,-1.441609773989829479e+00,-1.301710495567893089e+00,-1.080118879803698029e+00,-8.857169578193865300e-01,-3.168663452794278079e-01,7.554329428541393110e-01,-1.805437420058510600e+00,-1.073812747166684067e+00,2.228356178891844064e-01,-9.133799690962959295e-01,-4.386393435478028735e-01,-1.001930499387450269e+00,-8.430068094186756733e-01,-1.643095607422532245e+00,4.401903656267906473e-01,6.957139974215009737e-01,-3.128504789588453239e-01,-4.111740985478235522e-01,-9.057419194917907257e-01,6.217182739701725414e-01,2.436699479539544022e+00,-1.662333715919680932e+00,3.394774130513878996e-01,-7.605172193240482548e-01,-1.111164566309591928e+00,-4.316817929690319189e-01,-1.304192221528156725e+00,-1.393629856417866186e+00,3.472168933420821668e-01,-4.587138275419901379e-01,-3.445277598746711578e-01,2.644567482011065396e-01,-1.579313234744848249e-01,2.611471549463577624e-01,4.229987217588999648e-01,-6.962892011280370774e-02,-6.393955710622432065e-01,-1.590756061220551354e+00,3.576826814335114513e-01,-7.189040802498271043e-01,-9.169443519370222839e-01,-4.536144898372529988e-01,5.017013673436541144e-01,3.978243180440540483e-01,-1.441215766212602167e+00,-1.998228670892175374e-01,1.487074851644740459e-01,1.812195821131040940e+00,-8.629246660960290249e-01,7.818667306261432859e-02,-1.169536419505549985e+00,-1.611881090286026108e+00,2.442510050099711283e-01,-1.493705916589985971e+00,2.093086374614992196e-01,-6.666343353149439821e-01,-7.945884140540437901e-01,8.567352554502946638e-02,2.138217408514796469e-01,-3.997707232736117944e-01,-7.275601923370498270e-01,-7.174553353230814778e-01,1.219175006366052111e-01,-6.514728508747822389e-01,-6.750658281801222849e-01,-1.126034240419097721e+00,-2.643909615970257976e-01,-2.464314470405275237e-01,-9.321824151413057313e-01,-3.231559303692007057e-01,-8.433535421791890085e-01,4.890406817532744199e-01,-3.729922287889464450e-01,-1.200398699436063366e+00,-6.329862817273763653e-01,-4.161556382061241122e-01,9.033922266190055894e-02,-1.286037689921672555e+00,4.082426829525953038e-01,-3.742725562252008920e-01,-8.092688910796830282e-01,-3.093591340741745632e-02,9.855147599291073091e-01,-1.155067699911667134e-01,-5.089139292102163870e-01,8.848738240013501177e-02,1.330949740738943121e-01,-6.342655898178867213e-01,-2.228979809777931753e-01,-1.478038019056014285e+00,7.174280840972860895e-01,3.187409245850172934e-01,1.267076974399130140e+00,-7.542733588132175537e-01,-6.411189929368581453e-01,5.897452019615786467e-01,-8.921208107370048879e-01,1.382067365922604374e+00,-4.352783436959029584e-01,2.718866468040925244e-01,-7.836395491236336497e-02,-9.497940060882182900e-01,-1.221144975154333734e+00,2.624321857510754641e-01,5.299522062017266721e-01,-5.691350600182141228e-01,2.134292999032434135e-01,-1.106009338005508491e+00,4.580663466923221572e-01,-8.107884308177352173e-01,1.794547645104023870e+00,-4.558803058849932865e-01,1.095223979580592255e+00,-2.293195748007653412e-01,5.697966748300760109e-01,-7.483945762994710371e-01,1.000972580546676038e+00,1.669402622404201481e-02,2.953431857050572429e-01,9.954467878413557347e-02,-3.001084043441847315e-01,8.802896848448604761e-01,8.093906092782929274e-02,-5.488952732398857393e-01,4.897944303878482564e-01,2.630031401123606449e-01,-4.978733995657772526e-01,-3.098327783067992419e-02,-1.331929079316811204e-01,3.957978857282027363e-01,3.095761119091383073e-01,-9.684112962124665769e-01,-4.614819973913243945e-01,-1.077043440966793275e+00,4.912939196181461132e-01,-2.935251732731563798e-02,6.028017537514828161e-01,6.521897287546299937e-01,1.030516640674482565e-01,-7.463805767084528142e-01
4.161534433445477354e-01,-3.295429643277352771e-01,-9.463941921129406243e-01,5.414565329535195870e-01,-6.567358455283036633e-01,-4.911514419752434635e-01,-8.195580133844980741e-01,3.720456256549594665e-01,-8.917377374375818899e-01,6.225043790970599678e-02,-2.643749615634994332e-01,3.315321960294816406e-01,-1.018254396200993117e+00,5.975802818445661302e-01,-1.094183341588078395e+00,-7.494840524018291372e-01,-1.607114136190018749e-01,-3.523191440310213807e-01,-1.482937164570946376e+00,-1.420993617797202457e+00,-8.144556668901902219e-01,-1.197986805399025023e+00,-3.834703698258782878e-01,-4.731171779309533698e-01,-7.471048969685787355e-01,-7.567585077207018562e-01,-4.246182634794475330e-01,-2.141240104118311838e-01,-7.007807508798831186e-01,-7.150616793982110808e-01,-9.322583481447447307e-01,-3.527869787563525650e-01,2.580854960794179975e-01,-1.348299095797667324e-01,-2.715170672435973098e-01,-2.501343916321301375e-01,1.063496983911272897e+00,1.691714398008471731e-01,-1.349636685476318432e+00,9.154788225969917592e-02,3.256352097470931461e-01,-1.499952540656797506e+00,5.942323084113251275e-01,-1.165465540571493319e+00,-3.000661321223110356e-01,5.916523893673147905e-01,-3.001626621653759597e-01,3.543453015657631600e-01,1.809888202228278620e-01,3.584475654188508109e-01,-6.682243000257369614e-01,-8.642413647472648730e-01,-3.330661809936611983e-01,3.578674553524915369e-01,-1.440282811880852831e+00,6.129304320667408046e-01,-6.839137070750079817e-01,-4.202271786230564188e-01,-8.901638674270982987e-01,1.198518120485736027e+00,2.265168355218266927e-01,-2.011287317203582781e-01,3.220644370828399938e-01,9.191781950363622222e-01,-2.890078173192385802e-01,2.560907426106521223e-01,1.634520698591961363e+00,-1.277867594337898094e+00,-7.676887905532959744e-01,3.824255325368262626e-01,-1.118172960850452702e+00,-2.459732115096268379e-01,-5.359991747787066219e-01,-1.257393173244155227e+00,-3.444238290287705562e-01,9.967718062959259884e-01,6.176009200827481394e-02,-1.046511935952970873e+00,-1.235144263032274647e+00,-3.235975955379296817e-03,-8.284089254364283006e-01,-5.366787860073989336e-01,-5.639243778727137668e-01,4.398991162590412674e-01,2.880037654577077486e-02,-1.090408418716381167e+00,-1.076911301027895007e+00,-4.507611471013246995e-01,7.764503701428490112e-01,1.172710741137091561e-01,-4.118564074155806609e-01,-1.144338111387208201e+00,1.982779092148811984e-02,-6.989872672332106407e-02,-7.610364653246650679e-01,-1.155384935492903775e+00,-7.798713548265858719e-01,-6.476318423320084339e-01,-1.804980297871556782e-01,-3.240932533388118930e-01,1.615272098902268139e-01,-8.556545910189991555e-02,-2.746584346485570483e-01,-1.838712238171919533e-01,1.110261853106229296e-01,-1.650866964712011331e+00,-1.639776426579904189e+00,4.373980945455465119e-01,-1.729921676470082825e-01,2.625641115237468612e-02,-1.051209084876389088e+00,3.598119646729250332e-01,5.307639849220656680e-01,2.557759192754223143e-01,-7.287855281237536065e-03,-1.417429232071496070e+00,7.536946070168110134e-01,-7.001504332530036345e-01,-1.722399011564925475e+00,2.148696590069556489e-01,-1.713167646301799185e-01,5.032706079024292789e-01,1.351213311346532719e-01,9.141677640901041402e-02,-2.349316334446907573e-01,3.469853598910314224e-02,-1.073805634918747920e+00,8.811529277045035413e-02,-1.513922489190451699e-02,-2.194573480307555335e-01,-2.730845522112352319e-01,6.506529858691317836e-01,-6.480648034306297767e-01,-2.270619729761315930e-01,-1.583098670583512169e+00,9.368569289965139602e-02,5.631933870652410246e-01,-5.791441312318650336e-01,1.404648220901186240e-01,9.442475769181410961e-01,-2.345321087756861711e-01,3.506809168017616662e-01,-1.349259252845161627e-01,3.622350106979586037e-01,-4.622303269789878044e-01,1.538167752119631859e-01,8.000792386912001231e-01,1.020713297384642670e+00,-9.380683936703353432e-01,-4.286411815258888147e-01,-1.258278471875481141e+00,1.105343774948647662e+00,9.149363045380269621e-02,9.012238987746301611e-01,7.563241521498130782e-01,7.405333616391454044e-01,-7.220737873859187639e-01
-4.612295703388523127e-01,7.360372852260625987e-01,-5.789237193465011089e-01,-6.132734598271311066e-01,3.262922106953854984e-01,-5.063300365335282605e-01,-1.050768095925640910e+00,-5.364275429664905337e-01,-9.144285956378873648e-01,-5.942277985176415145e-01,-1.003119971520098019e+00,-1.433880825108134124e-02,-1.439832491097641887e+00,-1.239347480268966351e+00,-1.072048351675209066e+00,-1.557403812859369019e+00,1.013175458092952397e+00,-6.998644622621339462e-01,-1.070958084257043863e+00,-1.191014811535395790e+00,1.487558513952403905e-01,3.221740127815881372e-01,4.096924072084269230e-01,-6.207134309404914729e-01,-1.520637652898054526e+00,-3.809504917964040300e-03,-1.331779966676734928e+00,-5.985319767051344719e-01,-1.080748062503691154e+00,-1.182205419724697615e+00,-1.617576289720019433e+00,3.539800491572499541e-01,2.890106144255729093e-01,-6.098499633683318599e-01,-9.250381245631188465e-01,-1.533764710288325617e+00,-7.214024924415276541e-01,-1.195927219715366752e+00,-1.080658325782715146e+00,5.278363025212875481e-01,-1.064159117423044476e+00,-1.563659911742628195e+00,2.705686409030328310e+00,-1.819992240607079870e+00,-1.520077579304772719e+00,-5.515911539334017455e-01,-9.835613524678270547e-01,-6.388446541351394670e-01,4.613049794739124132e-01,-6.080226350698277882e-01,-3.813324275039075006e-01,-2.460376726846463802e-01,-6.759042406613934295e-01,-1.188531030876453842e+00,-1.068041972247808058e+00,-9.504198377083229454e-01,-8.310040813660827252e-01,-1.079178648074062608e+00,-5.545604357400044648e-01,-1.657211477945863320e+00,5.147715039438097717e-01,-1.902896339204727560e+00,-8.827475629524341727e-01,-2.095629986565843705e-01,-8.720066045953861478e-01,-1.744952689625597353e-01,4.880051895912342896e-01,-1.473278640539511519e+00,-1.177028536800971859e+00,-1.048381837294551505e-01,-1.426792353119058498e+00,-1.162352413442275800e+00,-1.285135828626761123e+00,-1.535341861506141825e+00,2.547252981344723111e-01,-6.426992642685828150e-01,-7.217762667435956292e-01,-4.084021075933436662e-01,-2.804102081192552109e-01,2.160705832300411078e-01,-4.932659550850253954e-02,-3.982917438346756933e-01,-7.534302471316419725e-01,-7.618786698294228721e-01,-3.573518704445569627e-01,-1.933744077819866403e-01,-6.996911498563257448e-01,-1.027152477489157834e+00,2.835474980314207083e-01,-1.548608929639936127e+00,-1.243832485025500256e+00,-1.415516273395195812e+00,-8.537676738643086571e-02,3.672055242896294924e-01,-1.821183573358107211e+00,1.546843688545228135e+00,6.797224089479069198e-01,-1.131481355008910672e+00,-8.448016323597211663e-01,8.308100478131825728e-01,-3.166960085830989313e-01,-7.681876446456545882e-01,-2.255835967950539922e-01,1.497511278255460876e-01,-8.746433378834693739e-01,8.559461238235912539e-01,-5.953239017272621281e-01,-5.805988594586661833e-01,-1.418508468112732901e+00,1.089161033130399803e+00,-1.087752357414009330e+00,1.084415248483339561e-01,-6.202978355140026379e-01,-3.290163118851730656e-02,-5.865542186261030189e-01,-5.393139288929167385e-01,1.067272664074208066e-01,-2.623451879156898925e-01,-6.346711522066510458e-01,-2.128252036967330230e-01,9.353564324221297355e-01,-3.138819391914292323e-02,-7.069678002967834107e-01,7.860002225134802289e-01,2.384318419525356114e-01,-7.024557004935624294e-01,-2.370831871491466680e-01,1.302971350324666489e+00,-3.259762014096304616e-01,1.195789997027141505e+00,6.214800462131889192e-02,-5.340711083237162926e-01,-5.549311221093654600e-01,4.841428624847168849e-01,2.232619121847130739e+00,-6.413767538233432486e-01,-4.575076969919400494e-01,-3.081309107165042804e-01,-1.111319044415782331e+00,4.610091148885612777e-01,-1.702490030573564184e+00,6.885117553414746849e-01,-1.158030232556495953e+00,-2.709901940901648376e-01,-1.074912786083733612e-01,-8.268727014117656093e-01,1.079875134514307611e-01,-2.434114814952487438e-01,1.186319207563917288e-01,-3.958003656604532905e-01,-1.302769745679034363e+00,-3.067069610646759314e-01,3.858662953785494953e-01,-2.193074429163772709e-01,-1.666255542492556696e+00,-2.587845701462634929e-01,-1.546495553821372049e+00
1.871617160198023322e-01,-9.826578568869550612e-01,-3.385053651623648463e-01,2.106697104611180982e-01,1.708435291479558860e+00,1.267677522813559499e+00,-2.464758420235455272e-01,-1.960471541472397494e-01,1.473230615019972545e+00,6.594135176129624076e-01,-2.559839198528577886e-01,1.138943129142769628e+00,6.725830388092063350e-01,1.997883584868798135e-01,-4.140574426395002283e-01,5.889341974887460918e-01,-7.285118211853796044e-01,8.372472506266954717e-01,1.761401538316879289e+00,1.260201818657718187e+00,-8.273332964277911872e-01,-2.220482173533903092e-01,-4.706918405585972520e-01,2.225953334477276169e+00,-6.274632358792774367e-01,4.801755893103543671e-01,-1.160626832786623597e+00,-1.018711990512642496e+00,1.490326855839167353e+00,1.496633560969710564e+00,-2.715983402672509373e-01,-3.346797756917983535e-01,-1.119479725953851645e-01,9.526391966115430598e-01,-1.682356373787418757e+00,1.045894478273446060e+00,-5.255752922985117426e-01,-3.065373025883968983e-02,1.947484460937065176e+00,-5.745206369597985474e-02,-1.266211705877466231e+00,-1.111164566309591928e+00,2.018392718814661979e+00,-1.710785084102645737e+00,6.611909299220420921e-01,1.624301302911522124e-02,-4.460918862576249699e-01,-5.798264282422835869e-01,-2.702812060091037138e-01,5.414102833403446891e-01,1.510844369784637986e-01,2.856484125258290097e-01,-1.856356943217097211e+00,8.532034191020936298e-01,2.279166700473526319e+00,-3.743304903452291388e-01,7.604070619714435875e-01,9.322230756008781372e-01,-4.459046289419320019e-01,-2.110739541279294418e+00,-1.370824507988603891e-01,-6.835871086693626753e-01,-1.352051022409564762e+00,-6.658443692815415593e-01,-1.343215821673567678e+00,1.081486678110794353e+00,1.360801532097325461e+00,1.582664201679607086e+00,1.584480774739788433e+00,1.116935860525081481e-01,1.562844153190034335e+00,-1.297295435359246407e-01,-1.285135828626761123e+00,-1.432954376489321335e+00,-7.286793770343915622e-01,-1.338666780266229150e-01,-3.015962125138594851e-01,1.453665124437710343e+00,1.533566507861469530e+00,-1.973162028667973855e+00,2.744050113558198500e+00,8.995117210353722470e-01,-4.287925028837304420e-01,-5.082135749583109874e-01,1.102119235132481556e+00,2.603246841085806729e+00,-1.082010851346516311e+00,-1.703784591315360697e-01,9.969687474475207312e-01,-1.077568367312328190e+00,-5.289746045047158396e-02,-4.163355507363958319e-01,1.797145434569203948e+00,7.321040034817902775e-01,-1.933860552389021548e+00,1.645340495660006175e+00,2.783155477916902321e+00,3.171903726380151389e-01,-2.193931277443381955e-01,-6.759122595496393215e-02,-3.881446220967851302e-01,3.008131593706745988e-01,6.776797898604186576e-01,1.029922418954040797e+00,9.738694710783968311e-01,1.175985981903017619e+00,1.535740335975064541e+00,-1.672302404960934075e+00,-2.180706083096093373e+00,1.080501689299668278e-01,-6.734614227997618441e-01,9.819261089478560356e-01,-1.277666476948992713e+00,1.445264249524279565e+00,-7.130064686390931161e-01,-3.185730956111025858e-01,-3.988882508935815974e-01,6.759389881735449190e-01,1.665458449155043041e+00,1.651109697742977556e+00,-6.370011175232836997e-01,-5.947995496117087777e-01,1.690557251432029062e+00,-2.519645915482171539e-01,1.862136138717445766e+00,-8.263979720017009534e-01,1.568583227826322091e+00,-4.473920487147767244e-01,6.220528139727505845e-01,-2.560534348601717913e-01,1.544386912551939606e+00,-5.619221201695889789e-01,1.638990758613163123e+00,-9.656939855099004877e-01,-9.255352100388498648e-01,-9.902011302282861527e-01,-8.711668200080392443e-01,8.709878912899683412e-01,-6.324698508786431583e-01,-4.749756326650769744e-02,7.855292159870027602e-01,-2.025085794909226300e-01,-1.515519683785832239e+00,-6.262089257740688364e-01,-1.173542751486650548e+00,-6.799860504665670158e-01,9.835694517635361345e-02,-2.669928698927718780e-01,1.175332235183119023e+00,8.084570854110567639e-01,-1.190826892875051168e+00,-3.726554315618199609e-01,1.639332126331323414e+00,-1.482537604873176706e-01,-2.388268070851646829e+00,-2.057222742076844912e-01,-3.099999570853992914e-01
3.777590183188061501e-01,-1.383673915829207735e+00,-1.273693232020043586e+00,-8.252181944029742811e-01,1.447737479153408779e+00,-5.316959202833703158e-01,-1.197658594578633773e+00,-1.247072763902031811e+00,-8.420775963850738455e-01,-1.048402833108277532e+00,-1.311773020292471559e-01,8.470498160652426556e-01,-9.764925643648674214e-01,-1.300992264395592457e+00,-7.979967663078446627e-01,-9.631147512484896644e-01,-1.069249296319160214e+00,7.144670081774008308e-01,-7.438675316191070142e-01,7.324477309870845998e-01,-1.089064311742667712e+00,-8.977588796749259581e-01,8.928912829657115191e-01,1.827967758268002341e-01,-1.800810593976359897e+00,2.742232037853469251e-01,-1.325816996716449925e+00,-1.140909004963495343e+00,-3.815654942220945700e-01,-3.812685725118646896e-01,-8.171666207326673259e-01,-4.963917397911039586e-01,-4.253494827086661684e-02,-9.263638059385674861e-01,5.630452489677019168e-01,-1.158687551866284027e+00,-1.101223323705693202e+00,5.721028833205313857e-01,-5.484968483682989282e-02,-2.432260739863638221e+00,-1.784115164263080144e+00,-2.075423046347971034e+00,1.637154292743420836e+00,-1.024543309091801024e+00,-1.250230249870896815e+00,-5.549770894685430722e-01,-1.444270406161387299e-01,-2.276081647296797517e+00,-2.417322544990642363e+00,2.071008419661994615e-01,-9.076514609941983558e-01,-5.102116973236133779e-01,-1.140263636307362383e+00,-1.530445583135016330e+00,7.225226210112327685e-01,8.463928683402591746e-01,-9.714488289571013846e-01,-2.271199032913391869e-01,-3.998088689255789308e-01,-1.416434563688710124e+00,-2.344798779911942077e+00,-1.219483453612067114e+00,-2.435200821899995649e+00,-6.658443692815415593e-01,-5.240764857078675232e-02,-1.677379939367386052e-01,1.307809153437335947e+00,-1.505532267354896314e+00,5.489639270003942029e-01,-9.026308779555256567e-01,6.557692612128167287e-02,-2.116815761960606945e+00,-1.285135828626761123e+00,-1.898587731441083948e+00,-1.057658174482199120e+00,5.964332747463609863e-01,-6.097241733267905195e-01,-4.819626105747073508e-01,-4.796945323415869322e-01,-1.920083361010633816e+00,1.192458048168245910e-01,8.516336600135955281e-01,-1.340680380696296137e+00,-1.361479612028904773e+00,-1.322270712184104857e+00,2.630401935347675968e-01,-5.042223026518678486e-01,-5.976767886549005926e-01,1.540709426958007278e+00,-1.358370361820693928e+00,-1.367933354735789253e+00,-3.332599169633348457e-01,-6.037064193515704336e-01,3.579319355845827499e-01,-2.154191945344405834e+00,1.396291891671001817e-01,1.613181829298487024e-01,-1.147767604861524626e+00,-7.935920184431528579e-01,1.552613936042167575e+00,-3.881446220967851302e-01,-1.402808150004904109e+00,-2.255835967950539922e-01,5.249771826696537219e-02,-6.870135254249530865e-01,8.667497488274034101e-01,7.355964304119140540e-02,-1.672302404960934075e+00,-8.946054910031013552e-02,5.499938773066944675e-01,1.150598859179093658e+00,3.088585649379897106e-03,-2.889545459214221124e-01,-2.828764883121064055e-02,-7.130064686390931161e-01,1.033615777539209413e+00,5.026258347919513314e-01,8.729426092973272544e-01,2.081287237157987760e-02,1.631788163967843458e-02,-1.070750067904538749e+00,-5.663878060761950994e-01,3.345647372195753033e-01,-7.866753012643976639e-01,6.021868231092157853e-01,-8.263979720017009534e-01,2.828947085701967734e-01,4.807227193561877110e-01,-9.242367900370709322e-01,5.885679723906411809e-01,-1.091576603181593497e-01,-5.619221201695889789e-01,2.683728883128388976e-01,7.666069163084028304e-01,1.928892477179920961e+00,-9.902011302282861527e-01,2.076093761155153317e+00,-9.735052442835088193e-01,2.446649142671911470e+00,3.680426497358166293e-01,5.823091609717424150e-02,-2.421201730164829424e+00,-9.791696257190067865e-01,-2.215354935103560491e-02,-9.067904960584942664e-01,-6.799860504665670158e-01,5.915998845057514055e-01,8.166064930538164957e-01,-1.226221132282766746e+00,-1.136709333962710566e+00,-1.311389825945964649e+00,5.244279306686373543e-01,3.067896881108619911e-02,8.837627640477777602e-01,-9.974681150823728748e-01,-3.321741907295392426e-01,9.254092644638687304e-01
